name,group,per_g,kcal,protein_g,fat_g,carbs_g,fiber_g,Fe_mg,Ca_mg,VitD_IU,B12_ug,Folate_ug,Iodine_ug,K_mg,Mg_mg,flags,price_per_unit,source,version_date
chicken_breast_boneless_skinless_raw,other,100.0,0.0,22.5,1.93,0.0,0.0,0.354,3.94,0.0,0.0,0.0,0.0,330.0,26.2,,0.0,MERGED(USDA),2025-09-04T23:25:50.607909
chicken_breast_meat_and_skin_raw,other,100.0,0.0,21.4,4.78,0.0,0.0,0.354,6.9,0.0,0.0,0.0,0.0,332.0,25.4,,0.0,MERGED(USDA),2025-09-04T23:25:50.607972
chicken_broiler_or_fryers_breast_skinless_boneless_meat_only_cooked_braised,other,100.0,0.0,32.1,3.24,0.0,0.0,0.49,6.0,0.0,0.0,0.921,0.0,343.0,32.0,,0.0,MERGED(USDA),2025-09-04T23:25:50.608009
chicken_ground_with_additives_raw,other,100.0,0.0,17.9,7.16,0.0,0.0,0.593,5.82,0.0,0.0,0.0,0.0,302.0,20.5,,0.0,MERGED(USDA),2025-09-04T23:25:50.608030
chicken_drumstick_meat_and_skin_raw,other,100.0,0.0,18.4,5.94,0.0,0.0,0.666,8.28,0.0,0.0,0.0,0.0,244.0,18.6,,0.0,MERGED(USDA),2025-09-04T23:25:50.608049
chicken_thigh_boneless_skinless_raw,other,100.0,0.0,18.6,7.92,0.0,0.0,0.602,5.65,0.0,0.0,0.0,0.0,272.0,21.8,,0.0,MERGED(USDA),2025-09-04T23:25:50.608068
chicken_thigh_meat_and_skin_raw,other,100.0,0.0,17.1,13.4,0.0,0.0,0.586,5.73,0.0,0.0,0.0,0.0,246.0,18.5,,0.0,MERGED(USDA),2025-09-04T23:25:50.608085
chicken_wing_meat_and_skin_raw,other,100.0,0.0,18.4,10.6,0.0,0.0,0.511,13.6,0.0,0.0,0.0,0.0,194.0,16.5,,0.0,MERGED(USDA),2025-09-04T23:25:50.608103
chicken_broilers_or_fryers_drumstick_meat_only_cooked_braised,other,100.0,0.0,23.9,5.95,0.0,0.0,0.94,12.0,0.1,0.0,0.372,0.0,239.0,22.4,,0.0,MERGED(USDA),2025-09-04T23:25:50.608120
chicken_breast_tenders_breaded_uncooked,other,100.0,0.0,14.7,15.8,0.0,1.1,1.11,19.0,0.2,0.0,0.041,0.0,214.0,23.0,,0.0,MERGED(USDA),2025-09-04T23:25:50.608138
chicken_breast_roll_oven_roasted,other,100.0,0.0,14.6,7.65,0.0,0.0,0.32,6.0,0.0,0.0,0.298,0.0,324.0,17.0,,0.0,MERGED(USDA),2025-09-04T23:25:50.608155
chicken_breast_tenders_breaded_cooked_microwaved,other,100.0,0.0,16.4,12.9,0.0,0.0,1.0,14.0,0.0,0.0,0.037,0.0,225.0,26.0,,0.0,MERGED(USDA),2025-09-04T23:25:50.608172
oscar_mayer_chicken_breast_honey_glazed,other,100.0,0.0,19.8,1.5,0.0,0.0,1.13,10.0,0.0,0.0,0.0,0.0,329.0,36.0,,0.0,MERGED(USDA),2025-09-04T23:25:50.608188
chicken_breast_deli_rotisserie_seasoned_sliced_prepackaged,other,100.0,0.0,17.4,1.86,0.0,0.0,0.39,11.0,0.1,0.0,0.445,0.0,360.0,26.0,,0.0,MERGED(USDA),2025-09-04T23:25:50.608205
chicken_breast_fat_free_mesquite_flavor_sliced,other,100.0,0.0,16.8,0.39,0.0,0.0,0.3,4.0,0.0,0.0,0.12,0.0,316.0,36.0,,0.0,MERGED(USDA),2025-09-04T23:25:50.608223
chicken_breast_oven_roasted_fat_free_sliced,other,100.0,0.0,16.8,0.39,0.0,0.0,0.32,6.0,0.0,0.0,0.15,0.0,67.0,9.0,,0.0,MERGED(USDA),2025-09-04T23:25:50.608239
chicken_broiler_rotisserie_bbq_breast_meat_and_skin,other,100.0,0.0,26.4,7.67,0.0,0.0,0.51,16.0,0.0,0.0,0.307,0.0,276.0,25.0,,0.0,MERGED(USDA),2025-09-04T23:25:50.608256
chicken_broiler_rotisserie_bbq_breast_meat_only,other,100.0,0.0,28.0,3.57,0.0,0.0,0.46,13.0,0.0,0.0,0.314,0.0,284.0,25.0,,0.0,MERGED(USDA),2025-09-04T23:25:50.608274
chicken_broilers_or_fryers_breast_meat_and_skin_raw,other,100.0,0.0,20.8,9.25,0.0,0.0,0.74,11.0,0.4,0.0,0.53,0.0,220.0,25.0,,0.0,MERGED(USDA),2025-09-04T23:25:50.608291
chicken_broilers_or_fryers_breast_meat_and_skin_cooked_roasted,other,100.0,0.0,29.8,7.78,0.0,0.0,1.07,14.0,0.1,0.0,0.56,0.0,245.0,27.0,,0.0,MERGED(USDA),2025-09-04T23:25:50.608308
chicken_broilers_or_fryers_breast_meat_and_skin_cooked_stewed,other,100.0,0.0,27.4,7.42,0.0,0.0,0.92,13.0,0.1,0.0,0.29,0.0,178.0,22.0,,0.0,MERGED(USDA),2025-09-04T23:25:50.608325
chicken_broilers_or_fryers_breast_meat_only_cooked_fried,other,100.0,0.0,33.4,4.71,0.0,0.0,1.14,16.0,0.1,0.0,0.64,0.0,276.0,31.0,,0.0,MERGED(USDA),2025-09-04T23:25:50.608343
chicken_broilers_or_fryers_breast_meat_only_cooked_roasted,other,100.0,0.0,31.0,3.57,0.0,0.0,1.04,15.0,0.1,0.0,0.6,0.0,256.0,29.0,,0.0,MERGED(USDA),2025-09-04T23:25:50.608360
chicken_broilers_or_fryers_breast_meat_only_cooked_stewed,other,100.0,0.0,29.0,3.03,0.0,0.0,0.88,13.0,0.1,0.0,0.33,0.0,187.0,24.0,,0.0,MERGED(USDA),2025-09-04T23:25:50.608376
fast_foods_fried_chicken_breast_meat_and_skin_and_breading,other,100.0,0.0,23.5,12.4,0.0,0.1,0.72,45.0,0.1,0.0,0.263,0.0,282.0,26.0,,0.0,MERGED(USDA),2025-09-04T23:25:50.608393
popeyes_fried_chicken_mild_breast_meat_and_skin_with_breading,other,100.0,0.0,21.7,16.5,0.0,0.4,0.74,23.0,0.0,0.0,0.389,0.0,283.0,25.0,,0.0,MERGED(USDA),2025-09-04T23:25:50.608410
chicken_broiler_or_fryers_breast_skinless_boneless_meat_only_raw,other,100.0,0.0,22.5,2.62,0.0,0.0,0.37,5.0,0.0,0.0,0.811,0.0,334.0,28.0,,0.0,MERGED(USDA),2025-09-04T23:25:50.608427
chicken_broilers_or_fryers_breast_meat_and_skin_cooked_fried_batter,other,100.0,0.0,24.8,13.2,0.0,0.3,1.25,20.0,0.1,0.0,0.43,0.0,201.0,24.0,,0.0,MERGED(USDA),2025-09-04T23:25:50.608444
chicken_broilers_or_fryers_breast_meat_and_skin_cooked_fried_flour,other,100.0,0.0,31.8,8.87,0.0,0.1,1.19,16.0,0.0,0.0,0.58,0.0,259.0,30.0,,0.0,MERGED(USDA),2025-09-04T23:25:50.608461
kfc_fried_chicken_extra_crispy_breast_meat_and_skin_with_breading,other,100.0,0.0,21.2,16.6,0.0,0.0,0.57,27.0,0.0,0.0,0.309,0.0,258.0,24.0,,0.0,MERGED(USDA),2025-09-04T23:25:50.608478
kfc_fried_chicken_original_recipe_breast_meat_and_skin_with_breading,other,100.0,0.0,21.9,13.1,0.0,0.0,0.6,33.0,0.0,0.0,0.326,0.0,267.0,25.0,,0.0,MERGED(USDA),2025-09-04T23:25:50.608494
chicken_broiler_or_fryers_breast_skinless_boneless_meat_only_cooked_grilled,other,100.0,0.0,30.5,3.17,0.0,0.0,0.45,5.0,0.0,0.0,1.16,0.0,391.0,34.0,,0.0,MERGED(USDA),2025-09-04T23:25:50.608511
chicken_broilers_or_fryers_rotisserie_original_seasoning_breast_meat_and_skin_cooked,other,100.0,0.0,27.5,8.18,0.0,0.0,0.55,15.0,0.0,0.0,0.299,0.0,289.0,26.0,,0.0,MERGED(USDA),2025-09-04T23:25:50.608528
chicken_broilers_or_fryers_rotisserie_original_seasoning_breast_meat_only_cooked,other,100.0,0.0,28.0,2.79,0.0,0.0,0.45,13.0,0.0,0.0,0.24,0.0,303.0,25.0,,0.0,MERGED(USDA),2025-09-04T23:25:50.608546
fast_foods_fried_chicken_breast_meat_only_skin_and_breading_removed,other,100.0,0.0,27.9,4.54,0.0,0.0,0.54,23.0,0.1,0.0,0.325,0.0,306.0,28.0,,0.0,MERGED(USDA),2025-09-04T23:25:50.608563
popeyes_fried_chicken_mild_breast_meat_only_skin_and_breading_removed,other,100.0,0.0,29.0,4.52,0.0,0.0,0.55,20.0,0.0,0.0,0.37,0.0,327.0,29.0,,0.0,MERGED(USDA),2025-09-04T23:25:50.608580
chicken_broilers_or_fryers_breast_skinless_boneless_meat_only_with_added_solution_raw,other,100.0,0.0,20.3,3.0,0.0,0.0,0.34,5.0,0.0,0.0,0.761,0.0,332.0,25.0,,0.0,MERGED(USDA),2025-09-04T23:25:50.608598
kfc_fried_chicken_extra_crispy_breast_meat_only_skin_and_breading_removed,other,100.0,0.0,27.2,4.82,0.0,0.0,0.51,20.0,0.0,0.0,0.416,0.0,309.0,28.0,,0.0,MERGED(USDA),2025-09-04T23:25:50.608615
kfc_fried_chicken_original_recipe_breast_meat_only_skin_and_breading_removed,other,100.0,0.0,26.9,4.56,0.0,0.0,0.53,25.0,0.0,0.0,0.28,0.0,285.0,27.0,,0.0,MERGED(USDA),2025-09-04T23:25:50.608632
chicken_broiler_or_fryers_breast_skinless_boneless_meat_only_with_added_solution_cooked_braised,other,100.0,0.0,28.2,3.61,0.0,0.0,0.43,5.0,0.0,0.0,0.962,0.0,313.0,28.0,,0.0,MERGED(USDA),2025-09-04T23:25:50.608648
chicken_broiler_or_fryers_breast_skinless_boneless_meat_only_with_added_solution_cooked_grilled,other,100.0,0.0,29.5,3.39,0.0,0.0,0.43,6.0,0.0,0.0,0.984,0.0,420.0,31.0,,0.0,MERGED(USDA),2025-09-04T23:25:50.608665
turkey_breast_sliced_prepackaged,other,100.0,0.0,14.8,3.77,0.0,0.0,0.42,14.0,0.2,0.0,0.41,0.0,371.0,19.0,,0.0,MERGED(USDA),2025-09-04T23:25:50.608682
pheasant_breast_meat_only_raw,other,100.0,0.0,24.4,3.25,0.0,0.0,0.79,3.0,0.0,0.0,0.74,0.0,242.0,21.0,,0.0,MERGED(USDA),2025-09-04T23:25:50.608698
quail_breast_meat_only_raw,other,100.0,0.0,22.6,2.99,0.0,0.0,2.31,10.0,0.0,0.0,0.53,0.0,260.0,28.0,,0.0,MERGED(USDA),2025-09-04T23:25:50.608715
veal_breast_separable_fat_cooked,other,100.0,0.0,9.4,53.4,0.0,0.0,0.45,6.0,0.0,0.0,0.11,0.0,181.0,10.0,,0.0,MERGED(USDA),2025-09-04T23:25:50.608732
duck_wild_breast_meat_only_raw,other,100.0,0.0,19.8,4.25,0.0,0.0,4.51,3.0,0.0,0.0,0.63,0.0,268.0,22.0,,0.0,MERGED(USDA),2025-09-04T23:25:50.608749
ruffed_grouse_breast_meat_skinless_raw,other,100.0,0.0,25.9,0.88,0.0,0.0,0.58,5.0,0.0,0.0,1.28,0.0,311.0,32.0,,0.0,MERGED(USDA),2025-09-04T23:25:50.608765
turkey_whole_breast_meat_only_raw,other,100.0,0.0,23.7,1.48,0.0,0.0,0.73,11.0,0.1,0.0,0.813,0.0,242.0,28.0,,0.0,MERGED(USDA),2025-09-04T23:25:50.608782
chicken_spread,other,100.0,0.0,18.0,17.6,0.0,0.3,0.87,16.0,0.0,0.0,0.15,0.0,106.0,12.0,,0.0,MERGED(USDA),2025-09-04T23:25:50.608798
sidi_ali,other,100.0,0.0,0.0,0.0,2.1,0.0,0.0,0.0,0.0,0.0,0.0,0.0,0.002,0.004,DAIRY_FREE;GF,0.0,MERGED(OpenFoodFacts),2025-09-04T23:25:50.608942
perly,other,100.0,0.0,8.0,3.0,9.4,0.0,0.0,0.25,0.0,0.0,0.0,0.0,0.0,0.0,,0.0,MERGED(OpenFoodFacts),2025-09-04T23:25:50.609009
eau_minérale_naturelle,other,100.0,0.0,0.0,0.0,0.0,0.0,0.0,0.0,0.0,0.0,0.0,0.0,0.0,0.0,DAIRY_FREE;GF,0.0,MERGED(OpenFoodFacts),2025-09-04T23:25:50.609071
اكوافينا,other,100.0,0.0,0.0,0.0,0.0,0.0,0.0,0.0,0.0,0.0,0.0,0.0,0.0,0.001,,0.0,MERGED(OpenFoodFacts),2025-09-04T23:25:50.609198
lait,other,100.0,0.0,3.1,1.5,4.9,0.0,0.0,0.122,0.0,0.0,0.0,0.0,0.0,0.0,,0.0,MERGED(OpenFoodFacts),2025-09-04T23:25:50.609262
eau_de_source,other,100.0,0.0,0.0,0.0,0.0,0.0,0.0,0.068,0.0,0.0,0.0,0.0,0.002,0.011,DAIRY_FREE;GF,0.0,MERGED(OpenFoodFacts),2025-09-04T23:25:50.609330
fromage_blanc_nature,other,100.0,0.0,7.3,12.0,6.1,0.0,0.0,0.0,0.0,0.0,0.0,0.0,0.0,0.0,,0.0,MERGED(OpenFoodFacts),2025-09-04T23:25:50.609386
uht_jaouda_1l,other,100.0,0.0,3.0,3.0,4.8,0.0,0.0,0.12,0.0,0.0,0.0,0.0,0.0,0.0,DAIRY_FREE,0.0,MERGED(OpenFoodFacts),2025-09-04T23:25:50.609447
jben,other,100.0,0.0,8.0,21.0,3.5,0.0,0.0,0.0,0.0,0.0,0.0,0.0,0.0,0.0,DAIRY_FREE,0.0,MERGED(OpenFoodFacts),2025-09-04T23:25:50.609507
ain_saïss,other,100.0,0.0,0.0,0.0,0.0,0.0,0.0,0.0,0.0,0.0,0.0,0.0,0.0,0.0,,0.0,MERGED(OpenFoodFacts),2025-09-04T23:25:50.609565
eau_minéral_naturelle,other,100.0,0.0,0.0,0.0,0.0,0.0,0.0,0.0,0.0,0.0,0.0,0.0,0.0,0.0,DAIRY_FREE;GF,0.0,MERGED(OpenFoodFacts),2025-09-04T23:25:50.609623
6111035000027,other,100.0,0.0,0.0,0.0,0.0,0.0,0.0,0.0,0.0,0.0,0.0,0.0,0.0,0.0,DAIRY_FREE;GF,0.0,MERGED(OpenFoodFacts),2025-09-04T23:25:50.609681
marmite_yeast_extract,other,100.0,0.0,34.0,0.5,30.0,0.0,0.0,0.0,0.0,0.0,0.0,0.0,0.0,0.0,DAIRY_FREE;GF,0.0,MERGED(OpenFoodFacts),2025-09-04T23:25:50.609740
lait_frais,other,100.0,0.0,3.0,1.5,4.8,0.0,0.0,0.12,0.0,0.0,0.0,0.0,0.0,0.0,DAIRY_FREE,0.0,MERGED(OpenFoodFacts),2025-09-04T23:25:50.609800
original_taste,other,100.0,0.0,0.0,0.0,10.6,0.0,0.0,0.0,0.0,0.0,0.0,0.0,0.0,0.0,DAIRY_FREE;GF,0.0,MERGED(OpenFoodFacts),2025-09-04T23:25:50.609859
prince_goût_chocolat,other,100.0,0.0,6.3,17.0,69.0,4.0,0.0,0.0,0.0,0.0,0.0,0.0,0.0,0.0,DAIRY_FREE;GF,0.0,MERGED(OpenFoodFacts),2025-09-04T23:25:50.609918
edelbitterschokolade_mild_90,other,100.0,0.0,10.0,55.0,14.0,0.0,0.0,0.0,0.0,0.0,0.0,0.0,0.0,0.0,DAIRY_FREE;GF,0.0,MERGED(OpenFoodFacts),2025-09-04T23:25:50.609977
excellence_70_cocoa_intense_dark,other,100.0,0.0,9.5,41.0,34.0,0.0,0.0,0.0,0.0,0.0,0.0,0.0,0.0,0.0,DAIRY_FREE;GF,0.0,MERGED(OpenFoodFacts),2025-09-04T23:25:50.610034
oulmes_natural_carbonated_water,other,100.0,0.0,0.0,0.0,0.0,0.0,0.0,0.011,0.0,0.0,0.0,0.0,0.002,0.006,DAIRY_FREE;GF,0.0,MERGED(OpenFoodFacts),2025-09-04T23:25:50.610095
nutella,other,100.0,0.0,6.3,30.9,57.5,0.0,0.0,0.0,0.0,0.0,0.0,0.0,0.0,0.0,DAIRY_FREE,0.0,MERGED(OpenFoodFacts),2025-09-04T23:25:50.610200
orange_juice,other,100.0,0.0,0.0,0.0,9.3,5.0,0.0,0.0,0.0,0.0,0.0,0.0,0.0,0.0,,0.0,MERGED(OpenFoodFacts),2025-09-04T23:25:50.610255
tonik,other,100.0,0.0,4.35,22.2,71.7,0.435,0.0,0.0,0.0,0.0,0.0,0.0,0.0,0.0,DAIRY_FREE;GF,0.0,MERGED(OpenFoodFacts),2025-09-04T23:25:50.610314
levure_pâtisserie,other,100.0,0.0,0.0,0.0,43.4,0.0,0.0,0.0,0.0,0.0,0.0,0.0,0.0,0.0,DAIRY_FREE;GF,0.0,MERGED(OpenFoodFacts),2025-09-04T23:25:50.610372
ain_saiss_eau_minerale_naturelle,other,100.0,0.0,0.0,0.0,0.0,0.0,0.0,0.0,0.0,0.0,0.0,0.0,0.0,0.0,,0.0,MERGED(OpenFoodFacts),2025-09-04T23:25:50.610427
sésame,other,100.0,0.0,10.0,18.0,64.0,4.6,0.0,0.0,0.0,0.0,0.0,0.0,0.0,0.144,DAIRY_FREE;GF,0.0,MERGED(OpenFoodFacts),2025-09-04T23:25:50.610486
confiture_de_fraise,other,100.0,0.0,0.5,0.3,61.33,0.0,0.0,0.0,0.0,0.0,0.0,0.0,0.0,0.0,DAIRY_FREE;GF,0.0,MERGED(OpenFoodFacts),2025-09-04T23:25:50.610543
ain_atlas,other,100.0,0.0,0.0,0.0,0.0,0.0,0.0,0.009,0.0,0.0,0.0,0.0,0.004,0.007,,0.0,MERGED(OpenFoodFacts),2025-09-04T23:25:50.610654
yaourt_nature,other,100.0,0.0,4.2,3.3,8.0,0.0,0.0,0.0,0.0,0.0,0.0,0.0,0.0,0.0,,0.0,MERGED(OpenFoodFacts),2025-09-04T23:25:50.610709
zero_sin_azúcares_fibra,other,100.0,0.0,6.1,17.0,65.0,9.3,0.0,0.0,0.0,0.0,0.0,0.0,0.0,0.0,DAIRY_FREE;GF,0.0,MERGED(OpenFoodFacts),2025-09-04T23:25:50.610768
excellence_85_cacao_rich_dark,other,100.0,0.0,12.5,46.0,22.0,0.0,0.0,0.0,0.0,0.0,0.0,0.0,0.0,0.0,DAIRY_FREE;GF,0.0,MERGED(OpenFoodFacts),2025-09-04T23:25:50.610826
mayonnaise_recette_originale,other,100.0,0.0,1.12,65.21,0.22,0.0,0.0,0.0,0.0,0.0,0.0,0.0,0.0,0.0,,0.0,MERGED(OpenFoodFacts),2025-09-04T23:25:50.610880
sourdough_white_ciabattin_bread,other,100.0,0.0,10.1,0.8,44.1,2.9,0.0,0.0,0.0,0.0,0.0,0.0,0.0,0.0,VEG;DAIRY_FREE;GF,0.0,MERGED(OpenFoodFacts),2025-09-04T23:25:50.610939
geröstete_mandel_ohne_zucker,other,100.0,0.0,0.5,1.1,0.0,0.3,0.0,0.12,0.0,0.0,0.0,0.0,0.0,0.0,DAIRY_FREE;GF,0.0,MERGED(OpenFoodFacts),2025-09-04T23:25:50.610998
dark_chocolate_85_cocoa,other,100.0,0.0,10.8,46.8,21.4,0.0,0.0,0.0,0.0,0.0,0.0,0.0,0.0,0.0,VEG;DAIRY_FREE;GF,0.0,MERGED(OpenFoodFacts),2025-09-04T23:25:50.611055
cristaline_eau_de_source_05l,other,100.0,0.0,0.0,0.0,0.0,0.0,0.0,0.039,0.0,0.0,0.0,0.0,0.002,0.025,DAIRY_FREE;GF,0.0,MERGED(OpenFoodFacts),2025-09-04T23:25:50.611115
the_great_white_sourdough,other,100.0,0.0,6.85,0.467,32.6,2.02,0.0,0.0,0.0,0.0,0.0,0.0,0.0,0.0,VEG;DAIRY_FREE;GF,0.0,MERGED(OpenFoodFacts),2025-09-04T23:25:50.611175
sourdough_grains_seeds,other,100.0,0.0,10.7,2.7,40.2,4.7,0.0,0.0,0.0,0.0,0.0,0.0,0.0,0.0,VEG;DAIRY_FREE;GF,0.0,MERGED(OpenFoodFacts),2025-09-04T23:25:50.611234
cheddar,other,100.0,0.0,9.0,21.0,6.0,0.0,0.0,0.0,0.0,0.0,0.0,0.0,0.0,0.0,DAIRY_FREE;GF,0.0,MERGED(OpenFoodFacts),2025-09-04T23:25:50.611293
almonds,other,100.0,0.0,24.7,53.3,4.67,12.0,0.0,0.0,0.0,0.0,0.0,0.0,0.0,0.078,VEG;DAIRY_FREE;GF,0.0,MERGED(OpenFoodFacts),2025-09-04T23:25:50.611350
star_branded_iodized_salt,other,100.0,0.0,0.0,0.0,0.0,0.0,0.0,0.0,0.0,0.0,0.0,0.003,0.0,0.0,,0.0,MERGED(OpenFoodFacts),2025-09-04T23:25:50.611405
ketchup,other,100.0,0.0,1.12,0.08,25.7,0.0,0.0,0.0,0.0,0.0,0.0,0.0,0.0,0.0,,0.0,MERGED(OpenFoodFacts),2025-09-04T23:25:50.611457
cosumar_sucre_en_lingot_pour_le_thé_1_kg,other,100.0,0.0,0.0,0.0,100.0,0.0,0.0,0.0,0.0,0.0,0.0,0.0,0.0,0.0,,0.0,MERGED(OpenFoodFacts),2025-09-04T23:25:50.611508
fish_salmon_atlantic_farm_raised_raw,other,100.0,0.0,20.3,13.1,0.0,0.0,0.259,9.42,0.0,0.0,0.0,3.24,378.0,25.4,,0.0,MERGED(USDA),2025-09-04T23:25:50.611528
fish_salmon_sockeye_wild_caught_raw,other,100.0,0.0,22.3,4.94,0.0,0.0,0.402,14.8,0.0,0.0,0.0,18.4,330.0,26.2,,0.0,MERGED(USDA),2025-09-04T23:25:50.611546
fish_salmon_chinook_raw,other,100.0,0.0,19.9,10.4,0.0,0.0,0.25,26.0,0.0,0.0,0.4,0.0,394.0,95.0,,0.0,MERGED(USDA),2025-09-04T23:25:50.611563
fish_salmon_chinook_smoked,other,100.0,0.0,18.3,4.32,0.0,0.0,0.85,11.0,17.1,0.0,0.278,0.0,175.0,18.0,,0.0,MERGED(USDA),2025-09-04T23:25:50.611580
fish_salmon_chum_raw,other,100.0,0.0,20.1,3.77,0.0,0.0,0.55,11.0,0.0,0.0,0.4,0.0,429.0,22.0,,0.0,MERGED(USDA),2025-09-04T23:25:50.611597
fish_salmon_pink_raw,other,100.0,0.0,20.5,4.4,0.0,0.0,0.38,7.0,10.9,0.0,0.611,0.0,366.0,27.0,,0.0,MERGED(USDA),2025-09-04T23:25:50.611613
fish_salmon_sockeye_raw,other,100.0,0.0,22.2,4.69,0.0,0.0,0.43,9.0,14.1,0.0,0.731,0.0,367.0,30.0,,0.0,MERGED(USDA),2025-09-04T23:25:50.611629
fish_salmon_atlantic_farmed_raw,other,100.0,0.0,20.4,13.4,0.0,0.0,0.34,9.0,11.0,0.0,0.636,0.0,363.0,27.0,,0.0,MERGED(USDA),2025-09-04T23:25:50.611646
fish_salmon_atlantic_wild_raw,other,100.0,0.0,19.8,6.34,0.0,0.0,0.8,12.0,0.0,0.0,0.818,0.0,490.0,29.0,,0.0,MERGED(USDA),2025-09-04T23:25:50.611662
fish_salmon_coho_farmed_raw,other,100.0,0.0,21.3,7.67,0.0,0.0,0.34,12.0,0.0,0.0,0.66,0.0,450.0,31.0,,0.0,MERGED(USDA),2025-09-04T23:25:50.611679
fish_salmon_coho_wild_raw,other,100.0,0.0,21.6,5.93,0.0,0.0,0.56,36.0,9.0,0.0,0.549,0.0,423.0,31.0,,0.0,MERGED(USDA),2025-09-04T23:25:50.611695
salmon_nuggets_breaded_frozen_heated,other,100.0,0.0,12.7,11.7,0.0,0.0,1.24,8.0,0.0,0.0,0.222,0.0,165.0,20.0,,0.0,MERGED(USDA),2025-09-04T23:25:50.611712
salmon_nuggets_cooked_as_purchased_unheated,other,100.0,0.0,12.0,10.4,0.0,0.0,1.46,9.0,0.0,0.0,0.22,0.0,161.0,20.0,,0.0,MERGED(USDA),2025-09-04T23:25:50.611728
fish_salmon_chinook_cooked_dry_heat,other,100.0,0.0,25.7,13.4,0.0,0.0,0.91,28.0,0.0,0.0,0.462,0.0,505.0,122.0,,0.0,MERGED(USDA),2025-09-04T23:25:50.611744
fish_salmon_chinook_smoked_lox_regular,other,100.0,0.0,18.3,4.32,0.0,0.0,0.85,11.0,0.0,0.0,0.278,0.0,175.0,18.0,,0.0,MERGED(USDA),2025-09-04T23:25:50.611761
fish_salmon_chum_cooked_dry_heat,other,100.0,0.0,25.8,4.83,0.0,0.0,0.71,14.0,0.0,0.0,0.462,0.0,550.0,28.0,,0.0,MERGED(USDA),2025-09-04T23:25:50.611777
fish_salmon_chum_dried_alaska_native,other,100.0,0.0,62.1,14.4,0.0,0.0,2.2,155.0,0.0,0.0,0.681,0.0,910.0,68.0,,0.0,MERGED(USDA),2025-09-04T23:25:50.611794
fish_salmon_chum_raw_alaska_native,other,100.0,0.0,20.7,3.67,0.0,0.0,0.56,7.0,0.0,0.0,0.189,0.0,370.0,26.0,,0.0,MERGED(USDA),2025-09-04T23:25:50.611811
fish_salmon_pink_canned_drained_solids,other,100.0,0.0,23.1,5.02,0.0,0.0,0.77,283.0,14.5,0.0,0.105,0.0,333.0,32.0,,0.0,MERGED(USDA),2025-09-04T23:25:50.611829
fish_salmon_pink_cooked_dry_heat,other,100.0,0.0,24.6,5.28,0.0,0.0,0.45,8.0,13.0,0.0,0.696,0.0,439.0,32.0,,0.0,MERGED(USDA),2025-09-04T23:25:50.611846
fish_salmon_sockeye_canned_drained_solids,other,100.0,0.0,23.6,7.39,0.0,0.0,0.65,232.0,21.0,0.0,0.119,0.0,314.0,31.0,,0.0,MERGED(USDA),2025-09-04T23:25:50.611862
fish_salmon_sockeye_cooked_dry_heat,other,100.0,0.0,26.5,5.57,0.0,0.0,0.52,11.0,16.7,0.0,0.827,0.0,436.0,36.0,,0.0,MERGED(USDA),2025-09-04T23:25:50.611879
fish_salmon_tipnuk_fermented_alaska_native,other,100.0,0.0,15.9,10.6,0.0,0.0,0.0,0.0,0.0,0.0,0.0,0.0,0.0,0.0,,0.0,MERGED(USDA),2025-09-04T23:25:50.611896
salmon_sockeye_canned_total_can_contents,other,100.0,0.0,20.6,7.17,0.0,0.0,0.57,198.0,19.0,0.0,0.33,0.0,329.0,30.0,,0.0,MERGED(USDA),2025-09-04T23:25:50.611913
fish_salmon_atlantic_farmed_cooked_dry_heat,other,100.0,0.0,22.1,12.4,0.0,0.0,0.34,15.0,13.1,0.0,0.647,0.0,384.0,30.0,,0.0,MERGED(USDA),2025-09-04T23:25:50.611929
fish_salmon_atlantic_wild_cooked_dry_heat,other,100.0,0.0,25.4,8.13,0.0,0.0,1.03,15.0,0.0,0.0,0.944,0.0,628.0,37.0,,0.0,MERGED(USDA),2025-09-04T23:25:50.611945
fish_salmon_chum_canned_drained_solids_with_bone,other,100.0,0.0,21.4,5.5,0.0,0.0,0.7,249.0,9.6,0.0,0.38,0.0,300.0,30.0,,0.0,MERGED(USDA),2025-09-04T23:25:50.611962
fish_salmon_coho_silver_raw_alaska_native,other,100.0,0.0,22.6,5.57,0.0,0.0,0.55,5.0,0.0,0.0,0.225,0.0,380.0,28.0,,0.0,MERGED(USDA),2025-09-04T23:25:50.611978
fish_salmon_coho_farmed_cooked_dry_heat,other,100.0,0.0,24.3,8.23,0.0,0.0,0.39,12.0,0.0,0.0,0.568,0.0,460.0,34.0,,0.0,MERGED(USDA),2025-09-04T23:25:50.611995
fish_salmon_coho_wild_cooked_dry_heat,other,100.0,0.0,23.4,4.3,0.0,0.0,0.61,45.0,11.3,0.0,0.568,0.0,434.0,33.0,,0.0,MERGED(USDA),2025-09-04T23:25:50.612011
fish_salmon_coho_wild_cooked_moist_heat,other,100.0,0.0,27.4,7.5,0.0,0.0,0.71,46.0,0.0,0.0,0.556,0.0,455.0,35.0,,0.0,MERGED(USDA),2025-09-04T23:25:50.612027
fish_salmon_king_chinook_raw_alaska_native,other,100.0,0.0,20.2,11.7,0.0,0.0,0.79,42.0,0.0,0.0,0.271,0.0,370.0,24.0,,0.0,MERGED(USDA),2025-09-04T23:25:50.612044
fish_salmon_king_chinook_liver_alaska_native,other,100.0,0.0,16.6,8.0,0.0,0.0,2.6,28.0,0.0,0.0,0.0,0.0,0.0,0.0,,0.0,MERGED(USDA),2025-09-04T23:25:50.612061
fish_salmon_king_with_skin_kippered_alaska_native,other,100.0,0.0,23.2,13.0,0.0,0.0,0.55,55.0,1.2,0.0,0.378,0.0,390.0,29.0,,0.0,MERGED(USDA),2025-09-04T23:25:50.612077
fish_salmon_pink_canned_total_can_contents,other,100.0,0.0,19.7,4.97,0.0,0.0,0.64,215.0,13.7,0.0,0.3,0.0,344.0,30.0,,0.0,MERGED(USDA),2025-09-04T23:25:50.612093
fish_salmon_red_sockeye_kippered_alaska_native,other,100.0,0.0,24.5,4.75,0.0,0.0,0.49,54.0,2.0,0.0,0.287,0.0,400.0,31.0,,0.0,MERGED(USDA),2025-09-04T23:25:50.612109
fish_salmon_sockeye_red_raw_alaska_native,other,100.0,0.0,21.9,7.28,0.0,0.0,0.53,7.0,0.0,0.0,0.282,0.0,360.0,27.0,,0.0,MERGED(USDA),2025-09-04T23:25:50.612125
fish_salmon_king_chinook_kippered_canned_alaska_native,other,100.0,0.0,30.7,15.9,0.0,0.0,1.7,38.0,0.0,0.0,0.0,0.0,0.0,0.0,,0.0,MERGED(USDA),2025-09-04T23:25:50.612142
fish_salmon_king_chinook_smoked_and_canned_alaska_native,other,100.0,0.0,23.2,5.9,0.0,0.0,1.8,60.0,0.0,0.0,0.0,0.0,0.0,0.0,,0.0,MERGED(USDA),2025-09-04T23:25:50.612160
fish_salmon_king_chinook_smoked_brined_alaska_native,other,100.0,0.0,39.9,30.0,0.0,0.0,4.5,23.0,0.0,0.0,0.0,0.0,700.0,0.0,,0.0,MERGED(USDA),2025-09-04T23:25:50.612176
fish_salmon_red_sockeye_canned_smoked_alaska_native,other,100.0,0.0,35.2,7.26,0.0,0.0,1.5,69.0,0.0,0.0,0.182,0.0,470.0,39.0,,0.0,MERGED(USDA),2025-09-04T23:25:50.612193
fish_salmon_red_canned_bones_removed_alaska_native,other,100.0,0.0,27.3,5.76,0.0,0.0,1.9,28.0,0.0,0.0,0.103,0.0,370.0,32.0,,0.0,MERGED(USDA),2025-09-04T23:25:50.612209
salmon_red_sockeye_filets_with_skin_smoked_alaska_native,other,100.0,0.0,60.6,11.4,0.0,0.0,1.06,58.0,0.0,0.0,0.816,0.0,960.0,58.0,,0.0,MERGED(USDA),2025-09-04T23:25:50.612226
salmon_sockeye_canned_drained_solids_without_skin_and_bones,other,100.0,0.0,26.3,5.87,0.0,0.0,0.48,37.0,21.5,0.0,0.12,0.0,312.0,24.0,,0.0,MERGED(USDA),2025-09-04T23:25:50.612242
fish_salmon_chum_canned_without_salt_drained_solids_with_bone,other,100.0,0.0,21.4,5.5,0.0,0.0,0.7,249.0,0.0,0.0,0.38,0.0,300.0,30.0,,0.0,MERGED(USDA),2025-09-04T23:25:50.612258
fish_salmon_pink_canned_drained_solids_without_skin_and_bones,other,100.0,0.0,24.6,4.21,0.0,0.0,0.57,60.0,14.1,0.0,0.105,0.0,326.0,24.0,,0.0,MERGED(USDA),2025-09-04T23:25:50.612274
fish_salmon_pink_canned_without_salt_solids_with_bone_and_liquid,other,100.0,0.0,19.8,6.05,0.0,0.0,0.84,213.0,0.0,0.0,0.3,0.0,326.0,34.0,,0.0,MERGED(USDA),2025-09-04T23:25:50.612290
fish_salmon_sockeye_canned_without_salt_drained_solids_with_bone,other,100.0,0.0,20.5,7.31,0.0,0.0,1.06,239.0,0.0,0.0,0.3,0.0,377.0,29.0,,0.0,MERGED(USDA),2025-09-04T23:25:50.612306
spinach_baby,other,100.0,0.0,2.85,0.619,0.0,1.56,1.26,68.4,0.0,0.0,0.195,0.0,582.0,92.9,,0.0,MERGED(USDA),2025-09-04T23:25:50.612323
spinach_mature,other,100.0,0.0,2.91,0.604,0.0,1.59,1.05,66.6,0.0,0.0,0.214,6.09,460.0,93.0,,0.0,MERGED(USDA),2025-09-04T23:25:50.612339
spinach_souffle,other,100.0,0.0,7.89,13.0,0.0,0.7,1.19,165.0,0.8,0.0,0.098,0.0,231.0,30.0,,0.0,MERGED(USDA),2025-09-04T23:25:50.612355
spinach_raw,other,100.0,0.0,2.86,0.39,0.0,2.2,2.71,99.0,0.0,0.0,0.195,0.0,558.0,79.0,,0.0,MERGED(USDA),2025-09-04T23:25:50.612372
malabar_spinach_cooked,other,100.0,0.0,2.98,0.78,0.0,2.1,1.48,124.0,0.0,0.0,0.086,0.0,256.0,48.0,,0.0,MERGED(USDA),2025-09-04T23:25:50.612388
spaghetti_spinach_cooked,other,100.0,0.0,4.58,0.63,0.0,0.0,1.04,30.0,0.0,0.0,0.096,0.0,58.0,62.0,,0.0,MERGED(USDA),2025-09-04T23:25:50.612404
spaghetti_spinach_dry,other,100.0,0.0,13.4,1.57,0.0,10.6,2.13,58.0,0.0,0.0,0.323,0.0,376.0,174.0,,0.0,MERGED(USDA),2025-09-04T23:25:50.612420
mustard_spinach_tendergreen_raw,other,100.0,0.0,2.2,0.3,0.0,2.8,1.5,210.0,0.0,0.0,0.153,0.0,449.0,11.0,,0.0,MERGED(USDA),2025-09-04T23:25:50.612436
new_zealand_spinach_raw,other,100.0,0.0,1.5,0.2,0.0,1.5,0.8,58.0,0.0,0.0,0.304,0.0,130.0,39.0,,0.0,MERGED(USDA),2025-09-04T23:25:50.612454
babyfood_vegetables_spinach_creamed_strained,other,100.0,0.0,2.5,1.3,0.0,1.8,0.62,89.0,0.0,0.0,0.075,0.0,191.0,55.0,,0.0,MERGED(USDA),2025-09-04T23:25:50.612471
noodles_egg_spinach_enriched_cooked,other,100.0,0.0,5.04,1.57,0.0,2.3,1.09,19.0,0.1,0.0,0.114,0.0,37.0,24.0,,0.0,MERGED(USDA),2025-09-04T23:25:50.612488
noodles_egg_spinach_enriched_dry,other,100.0,0.0,14.6,4.55,0.0,6.8,4.2,56.0,0.0,0.0,0.412,0.0,355.0,82.0,,0.0,MERGED(USDA),2025-09-04T23:25:50.612505
pasta_fresh_refrigerated_spinach_as_purchased,other,100.0,0.0,11.3,2.1,0.0,0.0,3.3,43.0,0.0,0.0,0.315,0.0,272.0,63.0,,0.0,MERGED(USDA),2025-09-04T23:25:50.612522
pasta_fresh_refrigerated_spinach_cooked,other,100.0,0.0,5.06,0.94,0.0,0.0,1.11,18.0,0.0,0.0,0.113,0.0,37.0,24.0,,0.0,MERGED(USDA),2025-09-04T23:25:50.612539
spinach_cooked_boiled_drained_with_salt,other,100.0,0.0,2.97,0.26,0.0,2.4,3.57,136.0,0.0,0.0,0.242,0.0,466.0,87.0,,0.0,MERGED(USDA),2025-09-04T23:25:50.612555
spinach_canned_no_salt_added_solids_and_liquids,other,100.0,0.0,2.11,0.37,0.0,2.2,1.58,83.0,0.0,0.0,0.08,0.0,230.0,56.0,,0.0,MERGED(USDA),2025-09-04T23:25:50.612572
spinach_canned_regular_pack_drained_solids,other,100.0,0.0,2.81,0.5,0.0,2.4,2.3,127.0,0.0,0.0,0.1,0.0,346.0,76.0,,0.0,MERGED(USDA),2025-09-04T23:25:50.612588
spinach_canned_regular_pack_solids_and_liquids,other,100.0,0.0,2.11,0.37,0.0,1.6,1.58,83.0,0.0,0.0,0.08,0.0,230.0,56.0,,0.0,MERGED(USDA),2025-09-04T23:25:50.612605
spinach_cooked_boiled_drained_without_salt,other,100.0,0.0,2.97,0.26,0.0,2.4,3.57,136.0,0.0,0.0,0.242,0.0,466.0,87.0,,0.0,MERGED(USDA),2025-09-04T23:25:50.612621
mustard_spinach_tendergreen_cooked_boiled_drained_with_salt,other,100.0,0.0,1.7,0.2,0.0,2.0,0.8,158.0,0.0,0.0,0.097,0.0,285.0,7.0,,0.0,MERGED(USDA),2025-09-04T23:25:50.612637
new_zealand_spinach_cooked_boiled_drained_with_salt,other,100.0,0.0,1.3,0.17,0.0,1.4,0.66,48.0,0.0,0.0,0.237,0.0,102.0,32.0,,0.0,MERGED(USDA),2025-09-04T23:25:50.612653
mustard_spinach_tendergreen_cooked_boiled_drained_without_salt,other,100.0,0.0,1.7,0.2,0.0,2.0,0.8,158.0,0.0,0.0,0.097,0.0,285.0,7.0,,0.0,MERGED(USDA),2025-09-04T23:25:50.612670
new_zealand_spinach_cooked_boiled_drained_without_salt,other,100.0,0.0,1.3,0.17,0.0,1.4,0.66,48.0,0.0,0.0,0.237,0.0,102.0,32.0,,0.0,MERGED(USDA),2025-09-04T23:25:50.612686
spinach_frozen_chopped_or_leaf_cooked_boiled_drained_with_salt,other,100.0,0.0,4.01,0.87,0.0,3.7,1.96,153.0,0.0,0.0,0.136,0.0,302.0,82.0,,0.0,MERGED(USDA),2025-09-04T23:25:50.612703
spinach_frozen_chopped_or_leaf_cooked_boiled_drained_without_salt,other,100.0,0.0,4.01,0.87,0.0,3.7,1.96,153.0,0.0,0.0,0.136,0.0,302.0,82.0,,0.0,MERGED(USDA),2025-09-04T23:25:50.612720
spinach_frozen_chopped_or_leaf_unprepared_includes_foods_for_usdas_food_distribution_program,other,100.0,0.0,3.63,0.57,0.0,2.9,1.89,129.0,0.0,0.0,0.172,0.0,346.0,75.0,,0.0,MERGED(USDA),2025-09-04T23:25:50.612737
water_convolvulus_cooked_boiled_drained_with_salt,other,100.0,0.0,2.08,0.24,0.0,1.9,1.32,54.0,0.0,0.0,0.081,0.0,284.0,30.0,,0.0,MERGED(USDA),2025-09-04T23:25:50.612753
water_convolvulus_cooked_boiled_drained_without_salt,other,100.0,0.0,2.08,0.24,0.0,1.9,1.32,54.0,0.0,0.0,0.081,0.0,284.0,30.0,,0.0,MERGED(USDA),2025-09-04T23:25:50.612770
water_convolvulusraw,other,100.0,0.0,2.6,0.2,0.0,2.1,1.67,77.0,0.0,0.0,0.096,0.0,312.0,71.0,,0.0,MERGED(USDA),2025-09-04T23:25:50.612786
tofu_yogurt,other,100.0,0.0,3.5,1.8,0.0,0.2,1.06,118.0,0.0,0.0,0.02,0.0,47.0,40.0,,0.0,MERGED(USDA),2025-09-04T23:25:50.612811
tofu_fried,other,100.0,0.0,18.8,20.2,0.0,3.9,4.87,372.0,0.0,0.0,0.099,0.0,146.0,60.0,,0.0,MERGED(USDA),2025-09-04T23:25:50.612827
mayonnaise_made_with_tofu,other,100.0,0.0,5.95,31.8,0.0,1.1,0.27,53.0,0.0,0.0,0.02,0.0,66.0,52.0,,0.0,MERGED(USDA),2025-09-04T23:25:50.612844
tofu_dried_frozen_koyadofu,other,100.0,0.0,52.5,30.3,0.0,7.2,9.73,364.0,0.0,0.0,0.286,0.0,20.0,59.0,,0.0,MERGED(USDA),2025-09-04T23:25:50.612860
tofu_hard_prepared_with_nigari,other,100.0,0.0,12.7,9.99,0.0,0.6,2.75,345.0,0.0,0.0,0.039,0.0,146.0,53.0,,0.0,MERGED(USDA),2025-09-04T23:25:50.612877
tofu_salted_and_fermented_fuyu,other,100.0,0.0,8.92,8.0,0.0,0.0,1.98,46.0,0.0,0.0,0.091,0.0,75.0,52.0,,0.0,MERGED(USDA),2025-09-04T23:25:50.612894
house_foods_premium_firm_tofu,other,100.0,0.0,10.9,4.19,0.0,0.9,1.69,149.0,0.0,0.0,0.0,0.0,0.0,0.0,,0.0,MERGED(USDA),2025-09-04T23:25:50.612911
house_foods_premium_soft_tofu,other,100.0,0.0,6.38,2.71,0.0,0.8,1.53,78.0,0.0,0.0,0.0,0.0,0.0,0.0,,0.0,MERGED(USDA),2025-09-04T23:25:50.612928
mori_nu_tofu_silken_firm,other,100.0,0.0,6.9,2.7,0.0,0.1,1.03,32.0,0.0,0.0,0.011,0.0,194.0,27.0,,0.0,MERGED(USDA),2025-09-04T23:25:50.612944
mori_nu_tofu_silken_soft,other,100.0,0.0,4.8,2.7,0.0,0.1,0.82,31.0,0.0,0.0,0.011,0.0,180.0,29.0,,0.0,MERGED(USDA),2025-09-04T23:25:50.612961
tofu_extra_firm_prepared_with_nigari,other,100.0,0.0,9.98,5.26,0.0,1.0,2.04,282.0,0.0,0.0,0.083,0.0,130.0,35.0,,0.0,MERGED(USDA),2025-09-04T23:25:50.612977
tofu_fried_prepared_with_calcium_sulfate,other,100.0,0.0,18.8,20.2,0.0,3.9,4.87,961.0,0.0,0.0,0.099,0.0,146.0,95.0,,0.0,MERGED(USDA),2025-09-04T23:25:50.612993
vitasoy_usa_azumaya_firm_tofu,other,100.0,0.0,9.08,4.2,0.0,0.6,1.3,180.0,0.0,0.0,0.0,0.0,0.0,0.0,,0.0,MERGED(USDA),2025-09-04T23:25:50.613010
vitasoy_usa_azumaya_silken_tofu,other,100.0,0.0,4.82,2.4,0.0,0.2,0.8,66.0,0.0,0.0,0.0,0.0,0.0,0.0,,0.0,MERGED(USDA),2025-09-04T23:25:50.613027
mori_nu_tofu_silken_extra_firm,other,100.0,0.0,7.4,1.9,0.0,0.1,1.19,31.0,0.0,0.0,0.011,0.0,154.0,27.0,,0.0,MERGED(USDA),2025-09-04T23:25:50.613044
mori_nu_tofu_silken_lite_firm,other,100.0,0.0,6.3,0.8,0.0,0.0,0.75,36.0,0.0,0.0,0.0,0.0,63.0,10.0,,0.0,MERGED(USDA),2025-09-04T23:25:50.613061
tofu_raw_firm_prepared_with_calcium_sulfate,other,100.0,0.0,17.3,8.72,0.0,2.3,2.66,683.0,0.0,0.0,0.092,0.0,237.0,58.0,,0.0,MERGED(USDA),2025-09-04T23:25:50.613077
tofu_raw_regular_prepared_with_calcium_sulfate,other,100.0,0.0,8.08,4.78,0.0,0.3,5.36,350.0,0.0,0.0,0.047,0.0,121.0,30.0,,0.0,MERGED(USDA),2025-09-04T23:25:50.613093
vitasoy_usa_azumaya_extra_firm_tofu,other,100.0,0.0,10.1,4.6,0.0,0.9,1.7,176.0,0.0,0.0,0.0,0.0,0.0,0.0,,0.0,MERGED(USDA),2025-09-04T23:25:50.613111
vitasoy_usa_nasoya_lite_silken_tofu,other,100.0,0.0,8.21,1.1,0.0,0.0,0.87,394.0,3.8,0.0,0.0,0.0,0.0,0.0,,0.0,MERGED(USDA),2025-09-04T23:25:50.613127
vitasoy_usa_organic_nasoya_soft_tofu,other,100.0,0.0,8.76,3.5,0.0,0.6,1.1,130.0,0.0,0.0,0.0,0.0,0.0,0.0,,0.0,MERGED(USDA),2025-09-04T23:25:50.613144
vitasoy_usa_nasoya_lite_firm_tofu,other,100.0,0.0,8.3,1.7,0.0,0.6,1.6,184.0,3.9,0.0,0.0,0.0,0.0,0.0,,0.0,MERGED(USDA),2025-09-04T23:25:50.613161
vitasoy_usa_organic_nasoya_firm_tofu,other,100.0,0.0,8.9,4.4,0.0,0.8,1.2,125.0,0.0,0.0,0.0,0.0,0.0,0.0,,0.0,MERGED(USDA),2025-09-04T23:25:50.613178
vitasoy_usa_organic_nasoya_silken_tofu,other,100.0,0.0,4.8,2.5,0.0,0.3,0.9,75.0,0.0,0.0,0.0,0.0,0.0,0.0,,0.0,MERGED(USDA),2025-09-04T23:25:50.613195
mori_nu_tofu_silken_lite_extra_firm,other,100.0,0.0,7.0,0.7,0.0,0.0,0.79,43.0,0.0,0.0,0.0,0.0,57.0,10.0,,0.0,MERGED(USDA),2025-09-04T23:25:50.613212
tofu_dried_frozen_koyadofu_prepared_with_calcium_sulfate,other,100.0,0.0,52.4,30.3,0.0,1.2,9.73,2130.0,0.0,0.0,0.286,0.0,20.0,181.0,,0.0,MERGED(USDA),2025-09-04T23:25:50.613229
tofu_salted_and_fermented_fuyu_prepared_with_calcium_sulfate,other,100.0,0.0,8.15,8.0,0.0,0.0,1.98,1230.0,0.0,0.0,0.091,0.0,75.0,58.0,,0.0,MERGED(USDA),2025-09-04T23:25:50.613245
vitasoy_usa_organic_nasoya_tofu_plus_firm,other,100.0,0.0,9.19,3.4,0.0,0.8,1.3,237.0,2.5,0.0,0.5,0.0,0.0,0.0,,0.0,MERGED(USDA),2025-09-04T23:25:50.613262
vitasoy_usa_organic_nasoya_extra_firm_tofu,other,100.0,0.0,10.1,5.2,0.0,1.3,1.6,77.0,0.0,0.0,0.0,0.0,0.0,0.0,,0.0,MERGED(USDA),2025-09-04T23:25:50.613279
tofu_firm_prepared_with_calcium_sulfate_and_magnesium_chloride_nigari,other,100.0,0.0,9.04,4.17,0.0,0.9,1.61,201.0,0.0,0.0,0.071,0.0,148.0,37.0,,0.0,MERGED(USDA),2025-09-04T23:25:50.613295
tofu_soft_prepared_with_calcium_sulfate_and_magnesium_chloride_nigari,other,100.0,0.0,7.17,3.69,0.0,0.2,1.11,111.0,0.0,0.0,0.052,0.0,120.0,27.0,,0.0,MERGED(USDA),2025-09-04T23:25:50.613312
vitasoy_usa_organic_nasoya_tofu_plus_extra_firm,other,100.0,0.0,10.2,4.9,0.0,1.0,1.6,246.0,2.5,0.0,0.5,0.0,0.0,0.0,,0.0,MERGED(USDA),2025-09-04T23:25:50.613329
vitasoy_usa_organic_nasoya_super_firm_cubed_tofu,other,100.0,0.0,12.4,6.3,0.0,2.0,2.0,188.0,0.0,0.0,0.0,0.0,0.0,0.0,,0.0,MERGED(USDA),2025-09-04T23:25:50.613345
vitasoy_usa_organic_nasoya_sprouted_tofu_plus_super_firm,other,100.0,0.0,13.2,5.9,0.0,1.2,1.7,239.0,2.5,0.0,0.0,0.0,0.0,0.0,,0.0,MERGED(USDA),2025-09-04T23:25:50.613362
lentils_dry,other,100.0,0.0,23.6,1.92,0.0,0.0,7.16,61.8,0.0,0.0,0.0,0.0,949.0,107.0,,0.0,MERGED(USDA),2025-09-04T23:25:50.613380
lentils_raw,other,100.0,0.0,24.6,1.06,0.0,10.7,6.51,35.0,0.0,0.0,0.54,0.0,677.0,47.0,,0.0,MERGED(USDA),2025-09-04T23:25:50.613397
lentils_sprouted_raw,other,100.0,0.0,8.96,0.55,0.0,0.0,3.21,25.0,0.0,0.0,0.19,0.0,322.0,37.0,,0.0,MERGED(USDA),2025-09-04T23:25:50.613414
lentils_pink_or_red_raw,other,100.0,0.0,23.9,2.17,0.0,10.8,7.39,48.0,0.0,0.0,0.403,0.0,668.0,59.0,,0.0,MERGED(USDA),2025-09-04T23:25:50.613431
smart_soup_french_lentil,other,100.0,0.0,2.9,1.06,0.0,2.9,1.0,23.0,0.0,0.0,0.0,0.0,0.0,0.0,,0.0,MERGED(USDA),2025-09-04T23:25:50.613449
lentils_mature_seeds_cooked_boiled_with_salt,other,100.0,0.0,9.02,0.38,0.0,7.9,3.33,19.0,0.0,0.0,0.178,0.0,369.0,36.0,,0.0,MERGED(USDA),2025-09-04T23:25:50.613466
lentils_sprouted_cooked_stir_fried_with_salt,other,100.0,0.0,8.8,0.45,0.0,0.0,3.1,14.0,0.0,0.0,0.164,0.0,284.0,35.0,,0.0,MERGED(USDA),2025-09-04T23:25:50.613483
soup_lentil_with_ham_canned_ready_to_serve,other,100.0,0.0,3.74,1.12,0.0,0.0,1.07,17.0,0.0,0.0,0.09,0.0,144.0,9.0,,0.0,MERGED(USDA),2025-09-04T23:25:50.613501
lentils_mature_seeds_cooked_boiled_without_salt,other,100.0,0.0,9.02,0.38,0.0,7.9,3.33,19.0,0.0,0.0,0.178,0.0,369.0,36.0,,0.0,MERGED(USDA),2025-09-04T23:25:50.613518
lentils_sprouted_cooked_stir_fried_without_salt,other,100.0,0.0,8.8,0.45,0.0,0.0,3.1,14.0,0.0,0.0,0.164,0.0,284.0,35.0,,0.0,MERGED(USDA),2025-09-04T23:25:50.613536
flour_oat_whole_grain,other,100.0,0.0,13.2,6.31,0.0,10.5,4.0,42.8,0.0,0.0,0.148,0.0,373.0,125.0,,0.0,MERGED(USDA),2025-09-04T23:25:50.613553
oat_milk_unsweetened_plain_refrigerated,other,100.0,0.0,0.797,2.75,0.0,0.0,0.261,148.0,1.7,0.0,0.006,0.0,148.0,5.91,,0.0,MERGED(USDA),2025-09-04T23:25:50.613570
oats_whole_grain_steel_cut,other,100.0,0.0,12.5,5.8,0.0,0.0,3.8,51.3,0.0,0.0,0.119,0.0,376.0,129.0,,0.0,MERGED(USDA),2025-09-04T23:25:50.613588
oats_whole_grain_rolled_old_fashioned,other,100.0,0.0,13.5,5.89,0.0,0.0,4.34,45.5,0.0,0.0,0.135,0.0,350.0,126.0,,0.0,MERGED(USDA),2025-09-04T23:25:50.613606
bagels_oat_bran,other,100.0,0.0,10.7,1.2,0.0,3.6,3.08,12.0,0.0,0.0,0.043,0.0,115.0,31.0,,0.0,MERGED(USDA),2025-09-04T23:25:50.613624
bread_oat_bran,other,100.0,0.0,10.4,4.4,0.0,4.5,3.12,65.0,0.0,0.0,0.073,0.0,147.0,35.0,,0.0,MERGED(USDA),2025-09-04T23:25:50.613642
muffins_oat_bran,other,100.0,0.0,7.0,7.4,0.0,4.6,4.2,63.0,0.0,0.0,0.161,0.0,507.0,157.0,,0.0,MERGED(USDA),2025-09-04T23:25:50.613659
oat_bran_cooked,other,100.0,0.0,3.21,0.86,0.0,2.6,0.88,10.0,0.0,0.0,0.025,0.0,92.0,40.0,,0.0,MERGED(USDA),2025-09-04T23:25:50.613723
oat_bran_raw,other,100.0,0.0,17.3,7.03,0.0,15.4,5.41,58.0,0.0,0.0,0.165,0.0,566.0,235.0,,0.0,MERGED(USDA),2025-09-04T23:25:50.613746
cereals_quaker_oat_bran_quakermothers_oat_bran_dry,other,100.0,0.0,17.0,7.97,0.0,14.3,8.07,79.0,0.0,0.0,0.11,0.0,579.0,241.0,,0.0,MERGED(USDA),2025-09-04T23:25:50.613764
bread_oat_bran_toasted,other,100.0,0.0,11.4,4.8,0.0,4.9,3.43,71.0,0.0,0.0,0.04,0.0,123.0,34.0,,0.0,MERGED(USDA),2025-09-04T23:25:50.613833
oat_flour_partially_debranned,other,100.0,0.0,14.7,9.12,0.0,6.5,4.0,55.0,0.0,0.0,0.125,0.0,371.0,144.0,,0.0,MERGED(USDA),2025-09-04T23:25:50.613859
rolls_dinner_oat_bran,other,100.0,0.0,9.5,4.6,0.0,4.1,4.14,85.0,0.0,0.0,0.045,0.0,121.0,33.0,,0.0,MERGED(USDA),2025-09-04T23:25:50.613878
cereals_oat_bran_quaker_quakermothers_oat_bran_prepared_with_water_salt,other,100.0,0.0,2.03,0.95,0.0,1.7,0.97,11.0,0.0,0.0,0.013,0.0,69.0,30.0,,0.0,MERGED(USDA),2025-09-04T23:25:50.613895
cereals_quaker_oat_bran_quakermothers_oat_bran_prepared_with_water_no_salt,other,100.0,0.0,2.03,0.95,0.0,1.7,0.97,11.0,0.0,0.0,0.013,0.0,69.0,30.0,,0.0,MERGED(USDA),2025-09-04T23:25:50.613912
cereals_oats_regular_and_quick_not_fortified_dry,other,100.0,0.0,13.2,6.52,0.0,10.1,4.25,52.0,0.0,0.0,0.1,0.0,362.0,138.0,,0.0,MERGED(USDA),2025-09-04T23:25:50.613929
bread_reduced_calorie_oat_bran,other,100.0,0.0,8.0,3.2,0.0,12.0,3.15,57.0,0.0,0.0,0.103,0.0,102.0,55.0,,0.0,MERGED(USDA),2025-09-04T23:25:50.613947
cereals_quaker_quick_oats_dry,other,100.0,0.0,13.7,6.87,0.0,9.4,4.64,47.0,0.0,0.0,0.1,0.0,358.0,270.0,,0.0,MERGED(USDA),2025-09-04T23:25:50.613963
cereals_quaker_quick_oats_with_iron_dry,other,100.0,0.0,13.7,6.87,0.0,9.4,49.4,47.0,0.0,0.0,0.1,0.0,358.0,270.0,,0.0,MERGED(USDA),2025-09-04T23:25:50.613980
bread_reduced_calorie_oat_bran_toasted,other,100.0,0.0,9.5,3.8,0.0,14.3,3.75,68.0,0.0,0.0,0.087,0.0,122.0,55.0,,0.0,MERGED(USDA),2025-09-04T23:25:50.613997
cereals_oats_instant_fortified_plain_dry,other,100.0,0.0,11.9,6.9,0.0,10.0,24.7,351.0,0.0,0.0,0.08,0.0,366.0,128.0,,0.0,MERGED(USDA),2025-09-04T23:25:50.614015
cereals_ready_to_eat_frosted_oat_cereal_with_marshmallows,other,100.0,0.0,7.1,3.33,0.0,4.3,15.0,333.0,3.6,0.0,1.76,0.0,207.0,28.0,,0.0,MERGED(USDA),2025-09-04T23:25:50.614034
cereals_oats_instant_fortified_with_cinnamon_and_spice_dry,other,100.0,0.0,9.53,4.84,0.0,8.0,8.46,234.0,0.0,0.0,0.882,0.0,284.0,92.0,,0.0,MERGED(USDA),2025-09-04T23:25:50.614050
formulated_bar_high_fiber_chewy_oats_and_chocolate,other,100.0,0.0,5.0,10.0,0.0,22.5,0.9,250.0,0.0,0.0,0.963,0.0,447.0,190.0,,0.0,MERGED(USDA),2025-09-04T23:25:50.614068
oats_includes_foods_for_usdas_food_distribution_program,other,100.0,0.0,16.9,6.9,0.0,10.6,4.72,54.0,0.0,0.0,0.119,0.0,429.0,177.0,,0.0,MERGED(USDA),2025-09-04T23:25:50.614084
cereals_ready_to_eat_oat_bran_flakes_health_valley,other,100.0,0.0,10.0,3.0,0.0,8.0,2.88,80.0,0.0,0.0,1.0,0.0,340.0,143.0,,0.0,MERGED(USDA),2025-09-04T23:25:50.614101
cereals_ready_to_eat_post_honey_bunches_of_oats_with_almonds,other,100.0,0.0,7.7,7.3,0.0,5.5,33.8,35.0,3.1,0.0,1.6,0.0,211.0,61.0,,0.0,MERGED(USDA),2025-09-04T23:25:50.614118
cereals_ready_to_eat_quaker_whole_hearts_oat_cereal,other,100.0,0.0,7.63,5.61,0.0,9.1,32.1,0.0,0.0,0.0,1.59,0.0,568.0,77.0,,0.0,MERGED(USDA),2025-09-04T23:25:50.614135
cereals_ready_to_eat_quaker_mothers_cinnamon_oat_crunch,other,100.0,0.0,10.6,4.56,0.0,8.1,3.24,50.0,0.0,0.0,0.13,0.0,325.0,106.0,,0.0,MERGED(USDA),2025-09-04T23:25:50.614152
cereals_ready_to_eat_quaker_quaker_oat_cinnamon_life,other,100.0,0.0,9.14,4.1,0.0,6.3,23.2,387.0,0.0,0.0,1.83,0.0,260.0,90.0,,0.0,MERGED(USDA),2025-09-04T23:25:50.614168
cereals_ready_to_eat_quaker_quaker_oat_life_plain,other,100.0,0.0,9.98,4.43,0.0,6.6,29.3,351.0,0.0,0.0,1.8,0.0,283.0,98.0,,0.0,MERGED(USDA),2025-09-04T23:25:50.614185
cereals_oats_instant_fortified_maple_and_brown_sugar_dry,other,100.0,0.0,9.25,4.73,0.0,7.2,10.4,258.0,0.0,0.0,1.46,0.0,361.0,90.0,,0.0,MERGED(USDA),2025-09-04T23:25:50.614202
cereals_oats_instant_fortified_with_cinnamon_and_spice_prepared_with_water,other,100.0,0.0,2.37,1.21,0.0,2.0,2.11,61.0,0.0,0.0,0.22,0.0,71.0,24.0,,0.0,MERGED(USDA),2025-09-04T23:25:50.614219
cereals_oats_instant_fortified_with_raisins_and_spice_prepared_with_water,other,100.0,0.0,1.98,0.95,0.0,1.3,2.21,56.0,0.0,0.0,0.253,0.0,85.0,19.0,,0.0,MERGED(USDA),2025-09-04T23:25:50.614235
beverages_drink_mix_quaker_oats_gatorade_orange_flavor_powder,other,100.0,0.0,0.0,1.23,0.0,0.0,0.34,40.0,0.0,0.0,0.022,0.0,30.0,1.0,,0.0,MERGED(USDA),2025-09-04T23:25:50.614252
breakfast_bars_oats_sugar_raisins_coconut_include_granola_bar,other,100.0,0.0,9.8,17.6,0.0,3.1,3.18,60.0,0.0,0.0,0.35,0.0,326.0,101.0,,0.0,MERGED(USDA),2025-09-04T23:25:50.614270
cereals_ready_to_eat_malt_o_meal_oat_blenders_with_honey,other,100.0,0.0,6.78,4.17,0.0,5.0,27.0,23.0,3.3,0.0,1.66,0.0,200.0,27.0,,0.0,MERGED(USDA),2025-09-04T23:25:50.614287
cereals_ready_to_eat_post_honey_bunches_of_oats_with_cinnamon_bunches,other,100.0,0.0,7.1,5.0,0.0,5.8,28.0,36.0,3.3,0.0,1.7,0.0,184.0,46.0,,0.0,MERGED(USDA),2025-09-04T23:25:50.614304
cereals_ready_to_eat_post_honey_bunches_of_oats_with_vanilla_bunches,other,100.0,0.0,7.9,5.1,0.0,7.8,28.9,33.0,2.7,0.0,0.9,0.0,262.0,75.0,,0.0,MERGED(USDA),2025-09-04T23:25:50.614321
cereals_ready_to_eat_post_honey_bunches_of_oats_honey_roasted,other,100.0,0.0,7.12,5.46,0.0,4.2,34.8,23.0,4.6,0.0,2.64,0.0,209.0,50.0,,0.0,MERGED(USDA),2025-09-04T23:25:50.614337
cereals_ready_to_eat_post_honey_bunches_of_oats_pecan_bunches,other,100.0,0.0,7.0,5.4,0.0,5.2,15.5,19.0,3.4,0.0,1.7,0.0,177.0,36.0,,0.0,MERGED(USDA),2025-09-04T23:25:50.614354
cereals_ready_to_eat_post_honey_bunches_of_oats_with_real_strawberries,other,100.0,0.0,6.7,4.9,0.0,5.4,26.1,26.0,3.2,0.0,1.7,0.0,219.0,46.0,,0.0,MERGED(USDA),2025-09-04T23:25:50.614371
cereals_ready_to_eat_quaker_mothers_toasted_oat_bran_cereal,other,100.0,0.0,11.4,5.04,0.0,8.6,4.07,58.0,0.0,0.0,0.13,0.0,489.0,136.0,,0.0,MERGED(USDA),2025-09-04T23:25:50.614388
cereals_ready_to_eat_malt_o_meal_oat_blenders_with_honey_almonds,other,100.0,0.0,7.8,4.88,0.0,6.1,41.4,33.0,3.6,0.0,2.69,0.0,240.0,61.0,,0.0,MERGED(USDA),2025-09-04T23:25:50.614405
cereals_ready_to_eat_quaker_100_natural_granola_oats_wheat_and_honey,other,100.0,0.0,10.6,11.6,0.0,10.2,2.81,109.0,0.0,0.0,0.231,0.0,483.0,121.0,,0.0,MERGED(USDA),2025-09-04T23:25:50.614421
cereals_oats_instant_fortified_plain_prepared_with_water_boiling_water_added_or_microwaved,other,100.0,0.0,2.37,1.36,0.0,1.7,5.96,80.0,0.0,0.0,0.29,0.0,61.0,26.0,,0.0,MERGED(USDA),2025-09-04T23:25:50.614438
formulated_bar_mars_snackfood_us_snickers_marathon_honey_nut_oat_bar,other,100.0,0.0,22.5,7.87,0.0,11.0,18.2,0.0,4.5,0.0,4.52,0.0,0.0,317.0,,0.0,MERGED(USDA),2025-09-04T23:25:50.614456
cereals_ready_to_eat_quaker_quaker_100_natural_granola_with_oats_wheat_honey_and_raisins,other,100.0,0.0,9.66,10.4,0.0,9.4,2.69,101.0,0.0,0.0,0.229,0.0,501.0,110.0,,0.0,MERGED(USDA),2025-09-04T23:25:50.614473
cereals_oats_regular_and_quick_and_instant_unenriched_cooked_with_water_includes_boiling_and_microwaving_with_salt,other,100.0,0.0,2.54,1.52,0.0,1.7,0.9,9.0,0.0,0.0,0.005,0.0,70.0,27.0,,0.0,MERGED(USDA),2025-09-04T23:25:50.614489
flour_rice_brown,other,100.0,0.0,7.19,3.85,0.0,0.0,1.5,10.0,0.0,0.0,0.132,0.0,265.0,124.0,,0.0,MERGED(USDA),2025-09-04T23:25:50.614506
rice_brown_long_grain_unenriched_raw,other,100.0,0.0,7.25,3.31,0.0,3.02,1.24,8.06,0.0,0.0,0.161,0.0,250.0,115.0,,0.0,MERGED(USDA),2025-09-04T23:25:50.614524
beans_dry_brown_0_moisture,other,100.0,0.0,25.6,1.12,0.0,4.1,4.7,158.0,0.0,0.0,0.0,0.0,1580.0,158.0,,0.0,MERGED(USDA),2025-09-04T23:25:50.614542
flour_rice_glutinous,other,100.0,0.0,6.69,1.16,0.0,0.0,0.34,10.0,0.0,0.0,0.044,0.0,80.0,21.2,,0.0,MERGED(USDA),2025-09-04T23:25:50.614560
flour_rice_white_unenriched,other,100.0,0.0,6.94,1.3,0.0,0.5,0.22,6.0,0.0,0.0,0.052,0.0,75.0,22.9,,0.0,MERGED(USDA),2025-09-04T23:25:50.614577
rice_black_unenriched_raw,other,100.0,0.0,7.57,3.44,0.0,4.18,1.12,14.4,0.0,0.0,0.202,0.0,256.0,113.0,,0.0,MERGED(USDA),2025-09-04T23:25:50.614595
wild_rice_dry_raw,other,100.0,0.0,12.8,1.7,0.0,4.26,1.53,7.97,0.0,0.0,0.393,0.0,299.0,108.0,,0.0,MERGED(USDA),2025-09-04T23:25:50.614612
rice_red_unenriched_dry_raw,other,100.0,0.0,8.56,3.44,0.0,4.2,1.2,9.22,0.0,0.0,0.137,0.0,245.0,126.0,,0.0,MERGED(USDA),2025-09-04T23:25:50.614630
restaurant_chinese_fried_rice_without_meat,other,100.0,0.0,3.84,3.19,0.0,0.0,0.46,11.0,0.0,0.0,0.0,0.0,69.0,9.7,,0.0,MERGED(USDA),2025-09-04T23:25:50.614648
rice_white_long_grain_unenriched_raw,other,100.0,0.0,7.04,1.03,0.0,0.149,0.14,4.46,0.0,0.0,0.058,0.0,82.3,26.5,,0.0,MERGED(USDA),2025-09-04T23:25:50.614666
rice_flour_brown,other,100.0,0.0,7.23,2.78,0.0,4.6,1.98,11.0,0.0,0.0,0.736,0.0,289.0,112.0,,0.0,MERGED(USDA),2025-09-04T23:25:50.614685
snacks_rice_cakes_brown_rice_buckwheat,other,100.0,0.0,9.0,3.5,0.0,3.8,1.14,11.0,0.0,0.0,0.13,0.0,299.0,151.0,,0.0,MERGED(USDA),2025-09-04T23:25:50.614703
snacks_rice_cakes_brown_rice_corn,other,100.0,0.0,8.4,3.2,0.0,2.9,1.17,9.0,0.0,0.0,0.14,0.0,275.0,114.0,,0.0,MERGED(USDA),2025-09-04T23:25:50.614721
snacks_rice_cakes_brown_rice_multigrain,other,100.0,0.0,8.5,3.5,0.0,3.0,1.96,21.0,0.0,0.0,0.137,0.0,294.0,137.0,,0.0,MERGED(USDA),2025-09-04T23:25:50.614738
snacks_rice_cakes_brown_rice_rye,other,100.0,0.0,8.1,3.8,0.0,4.0,1.8,21.0,0.0,0.0,0.15,0.0,311.0,144.0,,0.0,MERGED(USDA),2025-09-04T23:25:50.614754
snacks_rice_cracker_brown_rice_plain,other,100.0,0.0,8.2,2.8,0.0,4.2,1.49,11.0,0.0,0.0,0.15,0.0,290.0,131.0,,0.0,MERGED(USDA),2025-09-04T23:25:50.614771
babyfood_peas_and_brown_rice,other,100.0,0.0,3.4,0.5,0.0,2.5,1.5,14.0,0.0,0.0,0.06,0.0,93.0,25.0,,0.0,MERGED(USDA),2025-09-04T23:25:50.614787
snacks_brown_rice_chips,other,100.0,0.0,8.2,2.8,0.0,4.2,1.49,11.0,0.0,0.0,0.15,0.0,290.0,131.0,,0.0,MERGED(USDA),2025-09-04T23:25:50.614804
snacks_rice_cakes_brown_rice_buckwheat_unsalted,other,100.0,0.0,9.0,3.5,0.0,0.0,1.14,11.0,0.0,0.0,0.13,0.0,299.0,151.0,,0.0,MERGED(USDA),2025-09-04T23:25:50.614821
snacks_rice_cakes_brown_rice_multigrain_unsalted,other,100.0,0.0,8.5,3.5,0.0,0.0,1.96,21.0,0.0,0.0,0.137,0.0,294.0,137.0,,0.0,MERGED(USDA),2025-09-04T23:25:50.614838
snacks_rice_cakes_brown_rice_plain_unsalted,other,100.0,0.0,8.2,2.8,0.0,4.2,1.49,11.0,0.0,0.0,0.15,0.0,290.0,131.0,,0.0,MERGED(USDA),2025-09-04T23:25:50.614854
snacks_rice_cakes_brown_rice_sesame_seed,other,100.0,0.0,7.6,3.8,0.0,5.4,1.58,12.0,0.0,0.0,0.155,0.0,290.0,136.0,,0.0,MERGED(USDA),2025-09-04T23:25:50.614871
babyfood_vegetable_and_brown_rice_strained,other,100.0,0.0,1.9,1.5,0.0,1.1,0.4,14.0,0.0,0.0,0.05,0.0,135.0,15.0,,0.0,MERGED(USDA),2025-09-04T23:25:50.614888
snacks_rice_cakes_brown_rice_sesame_seed_unsalted,other,100.0,0.0,7.6,3.8,0.0,0.0,1.58,12.0,0.0,0.0,0.155,0.0,290.0,136.0,,0.0,MERGED(USDA),2025-09-04T23:25:50.614905
babyfood_cereal_brown_rice_dry_instant,other,100.0,0.0,8.7,3.0,0.0,6.5,47.6,55.0,0.0,0.0,0.98,0.0,386.0,28.0,,0.0,MERGED(USDA),2025-09-04T23:25:50.614930
rice_brown_parboiled_cooked_uncle_bens,other,100.0,0.0,3.09,0.85,0.0,1.7,0.53,3.0,0.0,0.0,0.11,0.0,61.0,39.0,,0.0,MERGED(USDA),2025-09-04T23:25:50.614947
rice_brown_parboiled_dry_uncle_bens,other,100.0,0.0,7.6,2.75,0.0,3.5,1.16,8.0,0.0,0.0,0.407,0.0,219.0,98.0,,0.0,MERGED(USDA),2025-09-04T23:25:50.614966
pork_sausage_rice_links_brown_and_serve_cooked,other,100.0,0.0,13.7,37.6,0.0,0.0,1.12,15.0,0.9,0.0,0.2,0.0,212.0,14.0,,0.0,MERGED(USDA),2025-09-04T23:25:50.614983
pasta_gluten_free_brown_rice_flour_cooked_tinkyada,other,100.0,0.0,3.46,1.67,0.0,1.7,0.53,5.0,0.0,0.0,0.075,0.0,25.0,36.0,,0.0,MERGED(USDA),2025-09-04T23:25:50.615000
bread_gluten_free_white_made_with_tapioca_starch_and_brown_rice_flour,other,100.0,0.0,5.4,8.02,0.0,5.5,0.53,59.0,0.0,0.0,0.095,0.0,107.0,25.0,,0.0,MERGED(USDA),2025-09-04T23:25:50.615017
sugars_brown,other,100.0,0.0,0.12,0.0,0.0,0.0,0.71,83.0,0.0,0.0,0.041,0.0,133.0,9.0,,0.0,MERGED(USDA),2025-09-04T23:25:50.615036
bread_gluten_free_whole_grain_made_with_tapioca_starch_and_brown_rice_flour,other,100.0,0.0,7.25,9.34,0.0,4.9,0.76,60.0,0.0,0.0,0.09,0.0,123.0,31.0,,0.0,MERGED(USDA),2025-09-04T23:25:50.615054
rice_brown_long_grain_cooked_includes_foods_for_usdas_food_distribution_program,other,100.0,0.0,2.74,0.97,0.0,1.6,0.56,3.0,0.0,0.0,0.123,0.0,86.0,39.0,,0.0,MERGED(USDA),2025-09-04T23:25:50.615071
rice_brown_long_grain_raw_includes_foods_for_usdas_food_distribution_program,other,100.0,0.0,7.54,3.2,0.0,3.6,1.29,9.0,0.0,0.0,0.477,0.0,250.0,116.0,,0.0,MERGED(USDA),2025-09-04T23:25:50.615088
rice_brown_medium_grain_cooked_includes_foods_for_usdas_food_distribution_program,other,100.0,0.0,2.32,0.83,0.0,1.8,0.53,10.0,0.0,0.0,0.149,0.0,79.0,44.0,,0.0,MERGED(USDA),2025-09-04T23:25:50.615106
rice_brown_medium_grain_raw_includes_foods_for_usdas_food_distribution_program,other,100.0,0.0,7.5,2.68,0.0,3.4,1.8,33.0,0.0,0.0,0.509,0.0,268.0,143.0,,0.0,MERGED(USDA),2025-09-04T23:25:50.615123
rolls_gluten_free_whole_grain_made_with_tapioca_starch_and_brown_rice_flour,other,100.0,0.0,11.8,11.6,0.0,11.2,1.64,118.0,0.0,0.0,0.0,0.0,273.0,96.0,,0.0,MERGED(USDA),2025-09-04T23:25:50.615142
rolls_gluten_free_white_made_with_brown_rice_flour_tapioca_starch_and_potato_starch,other,100.0,0.0,7.99,6.4,0.0,3.6,0.78,82.0,0.0,0.0,0.0,0.0,161.0,44.0,,0.0,MERGED(USDA),2025-09-04T23:25:50.615160
rolls_gluten_free_white_made_with_brown_rice_flour_tapioca_starch_and_sorghum_flour,other,100.0,0.0,5.65,8.2,0.0,2.9,0.89,41.0,0.0,0.0,0.14,0.0,165.0,42.0,,0.0,MERGED(USDA),2025-09-04T23:25:50.615178
dennys_hash_browns,other,100.0,0.0,2.49,8.99,0.0,2.7,0.56,17.0,0.0,0.0,0.203,0.0,416.0,26.0,,0.0,MERGED(USDA),2025-09-04T23:25:50.615196
gravy_brown_dry,other,100.0,0.0,10.7,9.61,0.0,2.0,1.72,132.0,0.0,0.0,0.1,0.0,262.0,34.0,,0.0,MERGED(USDA),2025-09-04T23:25:50.615214
mcdonalds_hash_brown,other,100.0,0.0,2.48,16.3,0.0,2.8,0.56,19.0,0.0,0.0,0.18,0.0,341.0,20.0,,0.0,MERGED(USDA),2025-09-04T23:25:50.615233
bread_boston_brown_canned,other,100.0,0.0,5.2,1.5,0.0,4.7,2.1,70.0,0.0,0.0,0.082,0.0,318.0,63.0,,0.0,MERGED(USDA),2025-09-04T23:25:50.615254
chick_fil_a_hash_browns,other,100.0,0.0,3.0,18.5,0.0,3.2,0.65,22.0,0.0,0.0,0.23,0.0,456.0,25.0,,0.0,MERGED(USDA),2025-09-04T23:25:50.615272
gravy_brown_instant_dry,other,100.0,0.0,8.53,11.8,0.0,3.2,7.4,116.0,0.0,0.0,0.282,0.0,367.0,32.0,,0.0,MERGED(USDA),2025-09-04T23:25:50.615291
rice_crackers,other,100.0,0.0,10.0,5.0,0.0,0.0,0.0,0.0,0.0,0.0,0.554,0.0,243.0,156.0,,0.0,MERGED(USDA),2025-09-04T23:25:50.615312
potatoes_hash_brown_home_prepared,other,100.0,0.0,3.0,12.5,0.0,3.2,0.55,14.0,0.0,0.0,0.472,0.0,576.0,35.0,,0.0,MERGED(USDA),2025-09-04T23:25:50.615333
rice_and_vermicelli_mix_rice_pilaf_flavor_unprepared,other,100.0,0.0,10.4,1.37,0.0,1.2,2.44,83.0,0.0,0.0,0.4,0.0,188.0,32.0,,0.0,MERGED(USDA),2025-09-04T23:25:50.615353
burger_king_hash_brown_rounds,other,100.0,0.0,2.8,19.3,0.0,2.3,0.71,15.0,0.0,0.0,0.187,0.0,364.0,20.0,,0.0,MERGED(USDA),2025-09-04T23:25:50.615374
mushrooms_brown_italian_or_crimini_raw,other,100.0,0.0,2.5,0.1,0.0,0.6,0.4,18.0,0.1,0.0,0.11,0.0,448.0,9.0,,0.0,MERGED(USDA),2025-09-04T23:25:50.615518
oil_coconut,other,100.0,0.0,0.0,99.1,0.0,0.0,0.05,1.0,0.0,0.0,0.0,0.0,0.0,0.0,,0.0,MERGED(USDA),2025-09-04T23:25:50.615612
olives_green_manzanilla_stuffed_with_pimiento,other,100.0,0.0,1.15,12.9,0.0,4.0,0.31,121.0,0.0,0.0,0.0,0.0,43.0,12.4,,0.0,MERGED(USDA),2025-09-04T23:25:50.615638
oil_corn_peanut_and_olive,other,100.0,0.0,0.0,100.0,0.0,0.0,0.13,0.0,0.0,0.0,0.0,0.0,0.0,0.0,,0.0,MERGED(USDA),2025-09-04T23:25:50.615658
oil_olive_salad_or_cooking,other,100.0,0.0,0.0,100.0,0.0,0.0,0.56,1.0,0.0,0.0,0.0,0.0,1.0,0.0,,0.0,MERGED(USDA),2025-09-04T23:25:50.615746
mayonnaise_reduced_fat_with_olive_oil,other,100.0,0.0,0.37,40.0,0.0,0.0,0.0,0.0,0.0,0.0,0.002,0.0,31.0,2.0,,0.0,MERGED(USDA),2025-09-04T23:25:50.615803
oil_palm,other,100.0,0.0,0.0,100.0,0.0,0.0,0.01,0.0,0.0,0.0,0.0,0.0,0.0,0.0,,0.0,MERGED(USDA),2025-09-04T23:25:50.615839
olive_loaf_pork,other,100.0,0.0,11.8,16.5,0.0,0.0,0.54,109.0,1.1,0.0,0.23,0.0,297.0,19.0,,0.0,MERGED(USDA),2025-09-04T23:25:50.615868
butter_oil_anhydrous,other,100.0,0.0,0.28,99.5,0.0,0.0,0.0,4.0,0.0,0.0,0.001,0.0,5.0,0.0,,0.0,MERGED(USDA),2025-09-04T23:25:50.615973
fish_oil_sardine,other,100.0,0.0,0.0,100.0,0.0,0.0,0.0,0.0,8.3,0.0,0.0,0.0,0.0,0.0,,0.0,MERGED(USDA),2025-09-04T23:25:50.615997
oil_rice_bran,other,100.0,0.0,0.0,100.0,0.0,0.0,0.07,0.0,0.0,0.0,0.0,0.0,0.0,0.0,,0.0,MERGED(USDA),2025-09-04T23:25:50.616015
olive_garden_lasagna_classico,other,100.0,0.0,11.3,10.8,0.0,1.6,0.75,211.0,0.0,0.0,0.0,0.0,258.0,22.0,,0.0,MERGED(USDA),2025-09-04T23:25:50.616035
fish_oil_cod_liver,other,100.0,0.0,0.0,100.0,0.0,0.0,0.0,0.0,250.0,0.0,0.0,0.0,0.0,0.0,,0.0,MERGED(USDA),2025-09-04T23:25:50.616053
oil_flaxseed_cold_pressed,other,100.0,0.0,0.11,100.0,0.0,0.0,0.0,1.0,0.0,0.0,0.0,0.0,0.0,0.0,,0.0,MERGED(USDA),2025-09-04T23:25:50.616071
oil_peanut_salad_or_cooking,other,100.0,0.0,0.0,100.0,0.0,0.0,0.03,0.0,0.0,0.0,0.0,0.0,0.0,0.0,,0.0,MERGED(USDA),2025-09-04T23:25:50.616088
bananas_overripe_raw,other,100.0,0.0,0.73,0.22,0.0,1.7,0.0,0.0,0.0,0.0,0.234,0.0,0.0,0.0,,0.0,MERGED(USDA),2025-09-04T23:25:50.616106
bananas_ripe_and_slightly_ripe_raw,other,100.0,0.0,0.74,0.29,0.0,1.7,0.0,5.0,0.0,0.0,0.209,0.0,326.0,28.0,,0.0,MERGED(USDA),2025-09-04T23:25:50.616123
bananas_dehydrated_or_banana_powder,other,100.0,0.0,3.89,1.81,0.0,9.9,1.15,22.0,0.0,0.0,0.44,0.0,1490.0,108.0,,0.0,MERGED(USDA),2025-09-04T23:25:50.616141
bananas_raw,other,100.0,0.0,1.09,0.33,0.0,2.6,0.26,5.0,0.0,0.0,0.367,0.0,358.0,27.0,,0.0,MERGED(USDA),2025-09-04T23:25:50.616158
melon_banana_navajo,other,100.0,0.0,0.84,0.2,0.0,0.3,0.21,13.0,0.0,0.0,0.05,0.0,140.0,10.0,,0.0,MERGED(USDA),2025-09-04T23:25:50.616175
pepper_banana_raw,other,100.0,0.0,1.66,0.45,0.0,3.4,0.46,14.0,0.0,0.0,0.357,0.0,256.0,17.0,,0.0,MERGED(USDA),2025-09-04T23:25:50.616193
snacks_banana_chips,other,100.0,0.0,2.3,33.6,0.0,7.7,1.25,18.0,0.0,0.0,0.26,0.0,536.0,76.0,,0.0,MERGED(USDA),2025-09-04T23:25:50.616210
babyfood_apple_banana_juice,other,100.0,0.0,0.2,0.1,0.0,0.2,0.2,7.0,0.0,0.0,0.06,0.0,123.0,6.0,,0.0,MERGED(USDA),2025-09-04T23:25:50.616227
babyfood_banana_no_tapioca_strained,other,100.0,0.0,1.0,0.2,0.0,1.6,0.3,4.0,0.0,0.0,0.26,0.0,290.0,26.0,,0.0,MERGED(USDA),2025-09-04T23:25:50.616310
babyfood_juice_orange_and_banana,other,100.0,0.0,0.7,0.1,0.0,0.0,0.11,17.0,0.0,0.0,0.054,0.0,200.0,14.0,,0.0,MERGED(USDA),2025-09-04T23:25:50.616332
babyfood_banana_apple_dessert_strained,other,100.0,0.0,0.3,0.2,0.0,1.0,0.1,3.0,0.0,0.0,0.06,0.0,71.0,8.0,,0.0,MERGED(USDA),2025-09-04T23:25:50.616374
babyfood_banana_with_mixed_berries_strained,other,100.0,0.0,1.01,0.36,0.0,1.0,0.0,0.0,0.0,0.0,0.257,0.0,283.0,23.0,,0.0,MERGED(USDA),2025-09-04T23:25:50.616455
babyfood_cereal_mixed_with_bananas_dry,other,100.0,0.0,10.7,4.6,0.0,7.8,47.5,696.0,0.0,0.0,0.408,0.0,668.0,90.0,,0.0,MERGED(USDA),2025-09-04T23:25:50.616476
babyfood_cereal_oatmeal_with_bananas_dry,other,100.0,0.0,6.67,6.67,0.0,5.2,45.0,800.0,0.0,0.0,0.66,0.0,600.0,118.0,,0.0,MERGED(USDA),2025-09-04T23:25:50.616493
babyfood_cereal_rice_with_bananas_dry,other,100.0,0.0,8.7,4.2,0.0,1.0,47.5,691.0,0.0,0.0,0.686,0.0,769.0,141.0,,0.0,MERGED(USDA),2025-09-04T23:25:50.616509
babyfood_dessert_banana_pudding_strained,other,100.0,0.0,1.0,0.8,0.0,0.8,0.3,11.0,0.1,0.0,0.13,0.0,90.0,5.0,,0.0,MERGED(USDA),2025-09-04T23:25:50.616526
babyfood_dessert_banana_yogurt_strained,other,100.0,0.0,1.1,0.52,0.0,0.5,0.14,30.0,0.0,0.0,0.08,0.0,100.0,10.0,,0.0,MERGED(USDA),2025-09-04T23:25:50.616546
babyfood_fruit_applesauce_with_banana_junior,other,100.0,0.0,0.37,0.1,0.0,1.6,0.24,5.0,0.0,0.0,0.1,0.0,131.0,9.0,,0.0,MERGED(USDA),2025-09-04T23:25:50.616563
babyfood_fruit_banana_and_strawberry_junior,other,100.0,0.0,0.71,0.37,0.0,1.4,0.14,0.0,0.0,0.0,0.395,0.0,395.0,30.0,,0.0,MERGED(USDA),2025-09-04T23:25:50.616582
babyfood_fruit_bananas_with_tapioca_junior,other,100.0,0.0,0.4,0.2,0.0,1.6,0.3,8.0,0.0,0.0,0.139,0.0,108.0,12.0,,0.0,MERGED(USDA),2025-09-04T23:25:50.616627
babyfood_fruit_bananas_with_tapioca_strained,other,100.0,0.0,0.4,0.1,0.0,1.6,0.2,5.0,0.0,0.0,0.115,0.0,88.0,10.0,,0.0,MERGED(USDA),2025-09-04T23:25:50.616667
babyfood_gerber_banana_with_orange_medley,other,100.0,0.0,1.06,0.0,0.0,2.1,0.23,0.0,0.0,0.0,0.232,0.0,265.0,18.0,,0.0,MERGED(USDA),2025-09-04T23:25:50.616700
babyfood_juice_orange_and_apple_and_banana,other,100.0,0.0,0.4,0.1,0.0,0.1,0.35,5.0,0.0,0.0,0.062,0.0,134.0,6.0,,0.0,MERGED(USDA),2025-09-04T23:25:50.616730
babyfood_plums_bananas_and_rice_strained,other,100.0,0.0,1.1,0.3,0.0,1.3,0.0,3.0,0.0,0.0,0.13,0.0,265.0,11.0,,0.0,MERGED(USDA),2025-09-04T23:25:50.616780
puddings_banana_dry_mix_instant,other,100.0,0.0,0.0,0.6,0.0,0.0,0.12,6.0,0.0,0.0,0.001,0.0,15.0,2.0,,0.0,MERGED(USDA),2025-09-04T23:25:50.616809
puddings_banana_dry_mix_regular,other,100.0,0.0,0.0,0.4,0.0,0.3,0.05,20.0,0.0,0.0,0.0,0.0,17.0,8.0,,0.0,MERGED(USDA),2025-09-04T23:25:50.616828
silk_banana_strawberry_soy_yogurt,other,100.0,0.0,2.35,1.18,0.0,0.6,0.64,176.0,0.0,0.0,0.0,0.0,0.0,0.0,,0.0,MERGED(USDA),2025-09-04T23:25:50.616847
babyfood_banana_juice_with_low_fat_yogurt,other,100.0,0.0,2.5,0.8,0.0,0.4,0.2,79.0,0.0,0.0,0.12,0.0,160.0,10.0,,0.0,MERGED(USDA),2025-09-04T23:25:50.616864
babyfood_cereal_mixed_with_applesauce_and_bananas_strained,other,100.0,0.0,0.71,0.51,0.0,1.0,6.81,91.0,0.0,0.0,0.101,0.0,111.0,7.0,,0.0,MERGED(USDA),2025-09-04T23:25:50.616885
babyfood_cereal_oatmeal_with_applesauce_and_bananas_strained,other,100.0,0.0,0.89,0.89,0.0,0.9,7.5,6.0,0.0,0.0,0.089,0.0,97.0,11.0,,0.0,MERGED(USDA),2025-09-04T23:25:50.616902
babyfood_cereal_rice_with_applesauce_and_bananas_strained,other,100.0,0.0,1.2,0.4,0.0,1.0,6.73,17.0,0.0,0.0,0.234,0.0,28.0,3.0,,0.0,MERGED(USDA),2025-09-04T23:25:50.616919
babyfood_fruit_bananas_and_pineapple_with_tapioca_junior,other,100.0,0.0,0.2,0.1,0.0,1.6,0.13,7.0,0.0,0.0,0.092,0.0,78.0,6.0,,0.0,MERGED(USDA),2025-09-04T23:25:50.616936
babyfood_fruit_bananas_and_pineapple_with_tapioca_strained,other,100.0,0.0,0.2,0.0,0.0,1.6,0.23,7.0,0.0,0.0,0.082,0.0,68.0,6.0,,0.0,MERGED(USDA),2025-09-04T23:25:50.616953
babyfood_fruit_bananas_with_apples_and_pears_strained,other,100.0,0.0,0.9,0.22,0.0,1.4,0.3,5.0,0.0,0.0,0.29,0.0,233.0,25.0,,0.0,MERGED(USDA),2025-09-04T23:25:50.616969
beverages_v8_splash_smoothies_strawberry_banana,other,100.0,0.0,1.22,0.0,0.0,0.0,0.15,41.0,0.0,0.0,0.082,0.0,24.0,0.0,,0.0,MERGED(USDA),2025-09-04T23:25:50.616987
fruit_juice_smoothie_odwalla_strawberry_banana,other,100.0,0.0,0.5,0.32,0.0,0.6,0.2,10.0,0.0,0.0,0.065,0.0,201.0,14.0,,0.0,MERGED(USDA),2025-09-04T23:25:50.617004
pie_banana_cream_prepared_from_recipe,other,100.0,0.0,4.4,13.6,0.0,0.7,1.04,75.0,0.8,0.0,0.133,0.0,165.0,16.0,,0.0,MERGED(USDA),2025-09-04T23:25:50.617022
babyfood_cereal_mixed_with_applesauce_and_bananas_junior_fortified,other,100.0,0.0,0.71,0.51,0.0,1.0,6.81,91.0,0.0,0.0,0.101,0.0,111.0,7.0,,0.0,MERGED(USDA),2025-09-04T23:25:50.617042
babyfood_cereal_mixed_with_bananas_prepared_with_whole_milk,other,100.0,0.0,3.82,3.46,0.0,0.4,3.63,153.0,1.2,0.0,0.065,0.0,178.0,18.0,,0.0,MERGED(USDA),2025-09-04T23:25:50.617060
babyfood_cereal_oatmeal_with_applesauce_and_bananas_junior_fortified,other,100.0,0.0,0.89,0.89,0.0,0.9,7.5,6.0,0.0,0.0,0.089,0.0,97.0,11.0,,0.0,MERGED(USDA),2025-09-04T23:25:50.617077
babyfood_cereal_oatmeal_with_bananas_prepared_with_whole_milk,other,100.0,0.0,3.82,3.46,0.0,0.4,3.63,153.0,1.2,0.0,0.104,0.0,178.0,18.0,,0.0,MERGED(USDA),2025-09-04T23:25:50.617095
babyfood_cereal_rice_with_bananas_prepared_with_whole_milk,other,100.0,0.0,3.57,3.32,0.0,0.1,3.63,156.0,1.2,0.0,0.085,0.0,180.0,20.0,,0.0,MERGED(USDA),2025-09-04T23:25:50.617113
beverages_v8_splash_juice_drinks_strawberry_banana,other,100.0,0.0,0.0,0.0,0.0,0.0,0.0,0.0,0.0,0.0,0.0,0.0,8.0,0.0,,0.0,MERGED(USDA),2025-09-04T23:25:50.617168
beverages_v8_v_fusion_juices_strawberry_banana,other,100.0,0.0,0.41,0.0,0.0,0.0,0.15,8.0,0.0,0.0,0.016,0.0,102.0,7.0,,0.0,MERGED(USDA),2025-09-04T23:25:50.617188
bread_banana_prepared_from_recipe_made_with_margarine,other,100.0,0.0,4.3,10.5,0.0,1.1,1.4,21.0,0.0,0.0,0.15,0.0,134.0,14.0,,0.0,MERGED(USDA),2025-09-04T23:25:50.617205
cereals_quaker_instant_oatmeal_banana_bread_dry,other,100.0,0.0,8.97,4.85,0.0,6.7,10.1,277.0,0.0,0.0,1.14,0.0,287.0,92.0,,0.0,MERGED(USDA),2025-09-04T23:25:50.617223
fruit_juice_smoothie_bolthouse_farms_strawberry_banana,other,100.0,0.0,0.44,0.3,0.0,0.6,0.32,11.0,0.0,0.0,0.075,0.0,184.0,13.0,,0.0,MERGED(USDA),2025-09-04T23:25:50.617240
fruit_juice_smoothie_naked_juice_strawberry_banana,other,100.0,0.0,0.48,0.27,0.0,0.6,0.2,10.0,0.0,0.0,0.115,0.0,201.0,14.0,,0.0,MERGED(USDA),2025-09-04T23:25:50.617258
puddings_banana_dry_mix_instant_with_added_oil,other,100.0,0.0,0.0,4.4,0.0,0.0,0.12,6.0,0.0,0.0,0.001,0.0,15.0,2.0,,0.0,MERGED(USDA),2025-09-04T23:25:50.617275
puddings_banana_dry_mix_regular_with_added_oil,other,100.0,0.0,0.0,5.0,0.0,0.3,0.05,20.0,0.0,0.0,0.0,0.0,17.0,8.0,,0.0,MERGED(USDA),2025-09-04T23:25:50.617292
yogurt_greek_plain_nonfat,other,100.0,0.0,10.3,0.37,0.0,0.0,0.07,111.0,0.0,0.0,0.064,0.0,141.0,10.7,,0.0,MERGED(USDA),2025-09-04T23:25:50.617310
yogurt_greek_strawberry_nonfat,other,100.0,0.0,8.055,0.15,0.0,0.6,0.09,97.0,1.0,0.0,0.05,0.0,132.5,10.2,,0.0,MERGED(USDA),2025-09-04T23:25:50.617341
yogurt_greek_plain_whole_milk,other,100.0,0.0,8.89,4.695,0.0,0.0,0.0,105.5,0.0,0.0,0.053,21.15,144.0,10.85,,0.0,MERGED(USDA),2025-09-04T23:25:50.617365
yogurt_plain_nonfat,other,100.0,0.0,4.23,0.087,0.0,0.0,0.0,167.0,0.217,0.0,0.0,58.7,210.0,15.2,,0.0,MERGED(USDA),2025-09-04T23:25:50.617383
yogurt_plain_whole_milk,other,100.0,0.0,3.645,3.865,0.0,0.0,0.025,124.0,0.439,0.0,0.039,16.15,159.5,11.7,,0.0,MERGED(USDA),2025-09-04T23:25:50.617407
yogurt_greek_blueberry_chobani,other,100.0,0.0,7.23,0.24,0.0,0.5,0.15,90.0,0.0,0.0,0.0,0.0,128.0,0.0,,0.0,MERGED(USDA),2025-09-04T23:25:50.617424
yogurt_greek_plain_lowfat,other,100.0,0.0,9.95,1.92,0.0,0.0,0.04,115.0,0.0,0.0,0.055,0.0,141.0,11.0,,0.0,MERGED(USDA),2025-09-04T23:25:50.617441
yogurt_greek_strawberry_lowfat,other,100.0,0.0,8.17,2.57,0.0,1.0,0.07,88.0,0.0,0.0,0.049,0.0,129.0,10.0,,0.0,MERGED(USDA),2025-09-04T23:25:50.617459
yogurt_greek_vanilla_lowfat,other,100.0,0.0,8.64,2.5,0.0,0.0,0.04,100.0,0.9,0.0,0.05,0.0,123.0,10.0,,0.0,MERGED(USDA),2025-09-04T23:25:50.617476
yogurt_greek_vanilla_nonfat,other,100.0,0.0,8.64,0.18,0.0,0.5,0.04,99.0,0.9,0.0,0.05,0.0,123.0,10.0,,0.0,MERGED(USDA),2025-09-04T23:25:50.617494
yogurt_greek_fruit_whole_milk,other,100.0,0.0,7.33,3.0,0.0,0.0,0.0,100.0,0.0,0.0,0.049,0.0,113.0,10.0,,0.0,MERGED(USDA),2025-09-04T23:25:50.617598
yogurt_greek_nonfat_peach_chobani,other,100.0,0.0,7.76,0.11,0.0,0.7,0.03,89.0,0.0,0.0,0.0,0.0,0.0,0.0,,0.0,MERGED(USDA),2025-09-04T23:25:50.617630
yogurt_greek_nonfat_plain_chobani,other,100.0,0.0,9.53,0.24,0.0,0.2,0.03,112.0,0.0,0.0,0.0,0.0,0.0,0.0,,0.0,MERGED(USDA),2025-09-04T23:25:50.617653
yogurt_greek_nonfat_raspberry_chobani,other,100.0,0.0,7.65,0.22,0.0,0.5,0.03,98.0,0.0,0.0,0.0,0.0,0.0,0.0,,0.0,MERGED(USDA),2025-09-04T23:25:50.617724
yogurt_greek_nonfat_vanilla_chobani,other,100.0,0.0,9.07,0.22,0.0,0.3,0.05,106.0,0.0,0.0,0.053,0.0,130.0,11.0,,0.0,MERGED(USDA),2025-09-04T23:25:50.617765
yogurt_greek_strawberry_dannon_oikos,other,100.0,0.0,8.25,2.92,0.0,1.0,0.07,86.0,0.0,0.0,0.05,0.0,131.0,10.0,,0.0,MERGED(USDA),2025-09-04T23:25:50.617938
yogurt_greek_whole_plain_chobani,other,100.0,0.0,8.24,4.01,0.0,0.8,0.03,111.0,0.0,0.0,0.0,0.0,0.0,0.0,,0.0,MERGED(USDA),2025-09-04T23:25:50.617962
yogurt_greek_2_fat_apricot_chobani,other,100.0,0.0,7.22,1.71,0.0,0.6,0.03,87.0,0.0,0.0,0.0,0.0,0.0,0.0,,0.0,MERGED(USDA),2025-09-04T23:25:50.617989
yogurt_greek_2_fat_mango_chobani,other,100.0,0.0,7.64,1.69,0.0,0.5,0.03,89.0,0.0,0.0,0.0,0.0,0.0,0.0,,0.0,MERGED(USDA),2025-09-04T23:25:50.618006
yogurt_greek_2_fat_pineapple_chobani,other,100.0,0.0,7.05,1.82,0.0,0.7,0.03,92.0,0.0,0.0,0.0,0.0,0.0,0.0,,0.0,MERGED(USDA),2025-09-04T23:25:50.618023
yogurt_greek_nonfat_lemon_blend_chobani,other,100.0,0.0,8.62,0.15,0.0,0.5,0.03,96.0,0.0,0.0,0.0,0.0,0.0,0.0,,0.0,MERGED(USDA),2025-09-04T23:25:50.618040
yogurt_greek_nonfat_strawberry_dannon_oikos,other,100.0,0.0,8.03,0.22,0.0,0.4,0.06,94.0,1.0,0.0,0.051,0.0,145.0,11.0,,0.0,MERGED(USDA),2025-09-04T23:25:50.618057
yogurt_greek_nonfat_vanilla_dannon_oikos,other,100.0,0.0,8.12,0.14,0.0,0.5,0.04,89.0,0.9,0.0,0.047,0.0,115.0,10.0,,0.0,MERGED(USDA),2025-09-04T23:25:50.618074
yogurt_greek_2_fat_strawberry_banana_chobani,other,100.0,0.0,8.0,1.71,0.0,0.7,0.2,88.0,0.0,0.0,0.0,0.0,0.0,0.0,,0.0,MERGED(USDA),2025-09-04T23:25:50.618093
yogurt_greek_2fat_coconut_blend_chobani,other,100.0,0.0,8.11,1.71,0.0,0.5,0.03,93.0,0.0,0.0,0.0,0.0,0.0,0.0,,0.0,MERGED(USDA),2025-09-04T23:25:50.618110
yogurt_greek_nonfat_fruit_on_bottom_blackberry_chobani,other,100.0,0.0,7.54,0.37,0.0,0.4,0.0,94.0,0.0,0.0,0.0,0.0,0.0,0.0,,0.0,MERGED(USDA),2025-09-04T23:25:50.618127
yogurt_greek_nonfat_fruit_on_bottom_pomegranate_chobani,other,100.0,0.0,7.45,0.18,0.0,0.8,0.15,93.0,0.0,0.0,0.0,0.0,128.0,0.0,,0.0,MERGED(USDA),2025-09-04T23:25:50.618147
yogurt_greek_nonfat_fruit_on_bottom_strawberry_chobani,other,100.0,0.0,7.28,0.23,0.0,0.4,0.15,93.0,0.0,0.0,0.05,0.0,132.0,10.0,,0.0,MERGED(USDA),2025-09-04T23:25:50.618164
yogurt_greek_2_fat_key_lime_blend_chobani,other,100.0,0.0,7.75,1.47,0.0,0.5,0.03,92.0,0.0,0.0,0.0,0.0,0.0,0.0,,0.0,MERGED(USDA),2025-09-04T23:25:50.618181
yogurt_greek_2_fatmixed_berry_blend_chobani,other,100.0,0.0,8.26,1.83,0.0,0.6,0.03,94.0,0.0,0.0,0.0,0.0,0.0,0.0,,0.0,MERGED(USDA),2025-09-04T23:25:50.618198
yogurt_greek_plain_nonfat_includes_foods_for_usdas_food_distribution_program,other,100.0,0.0,10.2,0.39,0.0,0.0,0.07,110.0,0.0,0.0,0.063,0.0,141.0,11.0,,0.0,MERGED(USDA),2025-09-04T23:25:50.618215
smart_soup_greek_minestrone,other,100.0,0.0,1.7,0.53,0.0,2.7,1.0,21.0,0.0,0.0,0.0,0.0,0.0,0.0,,0.0,MERGED(USDA),2025-09-04T23:25:50.618232
frozen_yogurts_chocolate,other,100.0,0.0,3.0,3.6,0.0,2.3,0.46,100.0,0.1,0.0,0.04,0.0,234.0,25.0,,0.0,MERGED(USDA),2025-09-04T23:25:50.618249
babyfood_dessert_peach_yogurt,other,100.0,0.0,0.9,0.18,0.0,0.4,0.4,27.0,0.0,0.0,0.02,0.0,102.0,13.0,,0.0,MERGED(USDA),2025-09-04T23:25:50.618266
candies_confectioners_coating_yogurt,other,100.0,0.0,5.87,27.0,0.0,0.0,0.14,205.0,0.0,0.0,0.056,0.0,290.0,18.0,,0.0,MERGED(USDA),2025-09-04T23:25:50.618282
silk_blueberry_soy_yogurt,other,100.0,0.0,2.35,1.18,0.0,0.6,0.64,176.0,0.0,0.0,0.0,0.0,0.0,0.0,,0.0,MERGED(USDA),2025-09-04T23:25:50.618299
silk_peach_soy_yogurt,other,100.0,0.0,2.35,1.18,0.0,0.6,0.64,176.0,0.0,0.0,0.0,0.0,0.0,0.0,,0.0,MERGED(USDA),2025-09-04T23:25:50.618316
silk_plain_soy_yogurt,other,100.0,0.0,2.64,1.76,0.0,0.4,0.0,132.0,1.3,0.0,0.0,0.0,0.0,0.0,,0.0,MERGED(USDA),2025-09-04T23:25:50.618332
silk_raspberry_soy_yogurt,other,100.0,0.0,2.35,1.18,0.0,0.6,0.64,176.0,0.0,0.0,0.0,0.0,0.0,0.0,,0.0,MERGED(USDA),2025-09-04T23:25:50.618350
silk_strawberry_soy_yogurt,other,100.0,0.0,2.35,1.18,0.0,0.6,0.64,176.0,0.0,0.0,0.0,0.0,0.0,0.0,,0.0,MERGED(USDA),2025-09-04T23:25:50.618367
yogurt_chocolate_nonfat_milk,other,100.0,0.0,3.53,0.0,0.0,1.2,0.42,88.0,0.0,0.0,0.047,0.0,339.0,40.0,,0.0,MERGED(USDA),2025-09-04T23:25:50.618384
yogurt_fruit_variety_nonfat,other,100.0,0.0,4.4,0.2,0.0,0.0,0.07,152.0,0.0,0.0,0.04,0.0,194.0,15.0,,0.0,MERGED(USDA),2025-09-04T23:25:50.618400
yogurt_plain_low_fat,other,100.0,0.0,5.25,1.55,0.0,0.0,0.08,183.0,0.0,0.0,0.049,0.0,234.0,17.0,,0.0,MERGED(USDA),2025-09-04T23:25:50.618419
yogurt_plain_skim_milk,other,100.0,0.0,5.73,0.18,0.0,0.0,0.09,199.0,0.0,0.0,0.053,0.0,255.0,19.0,,0.0,MERGED(USDA),2025-09-04T23:25:50.618435
yogurt_vanilla_low_fat,other,100.0,0.0,4.93,1.25,0.0,0.0,0.07,171.0,0.0,0.0,0.045,0.0,219.0,16.0,,0.0,MERGED(USDA),2025-09-04T23:25:50.618451
yogurt_vanilla_non_fat,other,100.0,0.0,2.94,0.0,0.0,0.0,0.0,118.0,0.9,0.0,0.045,0.0,141.0,16.0,,0.0,MERGED(USDA),2025-09-04T23:25:50.618468
